source,source_path,page,topic,status,compact,classic,verification
WIDA,01 - 常用在线模板汇总/01 - 初始与杂类/00 - wida.h,,00 - wida,pending,,,
WIDA,01 - 常用在线模板汇总/01 - 初始与杂类/01 - 在线头文件.cpp,,01 - 在线头文件,pending,,,
WIDA,01 - 常用在线模板汇总/01 - 初始与杂类/01 - 在线头文件（简洁版）.cpp,,01 - 在线头文件（简洁版）,pending,,,
WIDA,01 - 常用在线模板汇总/01 - 初始与杂类/02 - 基础函数重载.cpp,,02 - 基础函数重载,pending,,,
WIDA,01 - 常用在线模板汇总/01 - 初始与杂类/03 - 对拍相关.md,,C++ 对拍,pending,,,
WIDA,01 - 常用在线模板汇总/01 - 初始与杂类/03 - 对拍相关.md,,bat 对拍,pending,,,
WIDA,01 - 常用在线模板汇总/01 - 初始与杂类/03 - 对拍相关.md,,样例编造,pending,,,
WIDA,01 - 常用在线模板汇总/01 - 初始与杂类/03 - 对拍相关.md,,文件读写函数,pending,,,
WIDA,01 - 常用在线模板汇总/01 - 初始与杂类/04 - 手工随机哈希.cpp,,04 - 手工随机哈希,pending,,,
WIDA,01 - 常用在线模板汇总/01 - 初始与杂类/05 - 全排列生成.cpp,,05 - 全排列生成,pending,,,
WIDA,01 - 常用在线模板汇总/01 - 初始与杂类/06 - 快读（fread）.cpp,,06 - 快读（fread）,pending,,,
WIDA,01 - 常用在线模板汇总/01 - 初始与杂类/07 - int128输入输出流控制.cpp,,07 - int128输入输出流控制,pending,,,
WIDA,01 - 常用在线模板汇总/01 - 初始与杂类/08 - 样例构造（随机数、树、图生成）.cpp,,08 - 样例构造（随机数、树、图生成）,pending,,,
WIDA,01 - 常用在线模板汇总/02 - 图、树、网络流/01 - 树的直径.cpp,,01 - 树的直径,pending,,,
WIDA,01 - 常用在线模板汇总/02 - 图、树、网络流/02 - 点分治.cpp,,02 - 点分治,local-tested,src/compact/centroid.hpp,src/classic/centroid.hpp,tests/centroid.cpp; P3806 both styles AC for static distance existence; full counts tested locally
WIDA,01 - 常用在线模板汇总/02 - 图、树、网络流/03 - HLD.cpp,,03 - HLD,local-tested,src/compact/tree.hpp,src/classic/tree.hpp,tests/hld.cpp; combine with affine_segment_tree.hpp for path/subtree updates and sums; recursive DFS; P3384 dual AC 297520172/297520179
WIDA,01 - 常用在线模板汇总/02 - 图、树、网络流/04 - LCA（无权图树上倍增解）.cpp,,04 - LCA（无权图树上倍增解）,pending,,,
WIDA,01 - 常用在线模板汇总/02 - 图、树、网络流/04 - LCA（有权图树上倍增解）.cpp,,04 - LCA（有权图树上倍增解）,pending,,,
WIDA,01 - 常用在线模板汇总/02 - 图、树、网络流/04 - LCA（树链剖分解）.cpp,,04 - LCA（树链剖分解）,pending,,,
WIDA,01 - 常用在线模板汇总/02 - 图、树、网络流/05 - Djikstra.cpp,,05 - Djikstra,local-tested,src/compact/graph.hpp#Dijkstra,src/classic/graph.hpp#Shortest_Path,tests/graph_contracts.cpp; int128 Floyd distances and reconstructed paths for every source; nonnegative weights; finite shortest distances < LLONG_MAX; OJ pending
WIDA,01 - 常用在线模板汇总/02 - 图、树、网络流/06 - Floyd.cpp,,06 - Floyd,pending,,,
WIDA,01 - 常用在线模板汇总/02 - 图、树、网络流/07 - MST (Kruskal).cpp,,07 - MST (Kruskal),pending,,,
WIDA,01 - 常用在线模板汇总/02 - 图、树、网络流/08 - SCC (Tarjan).cpp,,08 - SCC (Tarjan),local-tested,src/compact/tarjan.hpp#TarjanSCC,src/classic/tarjan.hpp#Tarjan_SCC,Recursive Tarjan: cnt/bel and dag/Dag; sizes from bel histogram. 1-based IDs in reverse topological order; tests/tarjan.cpp exact reachability and repeated runs; no directed-SCC OJ record yet. See docs/GRAPH_COVERAGE_REVIEW.md
WIDA,01 - 常用在线模板汇总/02 - 图、树、网络流/09 - EDCC (Tarjan)（新版）.cpp,,09 - EDCC (Tarjan)（新版）,local-tested,src/compact/biconnected.hpp;src/compact/tarjan.hpp;src/compact/edge_components.hpp,src/classic/biconnected.hpp;src/classic/tarjan.hpp;src/classic/edge_components.hpp,"Bridge/block/SCC kernels plus edge-ID orientation and edge-compression sizes/internal-edge counts; loops counted once, parallel edges preserved. tests/edge_components.cpp independent deletion/reachability oracles; CF118E dual driver local-tested at N=100000 M=300000. Only prior P8435/P8436 partition APIs have OJ AC"
WIDA,01 - 常用在线模板汇总/02 - 图、树、网络流/09 - EDCC (Tarjan)（链式前向星旧版，yxc版本）.cpp,,09 - EDCC (Tarjan)（链式前向星旧版，yxc版本）,local-tested,src/compact/biconnected.hpp#Biconnected,src/classic/biconnected.hpp#Biconnected_Graph,"Bridge IDs, edge components and bridge forest covered; logical edge ID maps paired upstream half-edges to one ID. Storage layout differs. P8436 dual AC and tests/biconnected.cpp; see graph review"
WIDA,01 - 常用在线模板汇总/02 - 图、树、网络流/10 - VDCC (Tarjan).cpp,,10 - VDCC (Tarjan),local-tested,src/compact/biconnected.hpp#Biconnected,src/classic/biconnected.hpp#Biconnected_Graph,"Cut vertices, block vertex sets and correct full vertex-block incidence forest covered; P8435 dual AC plus independent block/forest oracles. Upstream boolean point indexing in rebuild is not copied; full forest numbering documented in graph review"
WIDA,01 - 常用在线模板汇总/02 - 图、树、网络流/11 - 一般图最大匹配（带花树算法）（新版）.cpp,,11 - 一般图最大匹配（带花树算法）（新版）,local-tested,src/compact/blossom.hpp,src/classic/blossom.hpp,tests/blossom.cpp; maximum cardinality and matching reconstruction; OJ pending
WIDA,01 - 常用在线模板汇总/02 - 图、树、网络流/11 - 一般图最大匹配（带花树算法）（旧版）.cpp,,11 - 一般图最大匹配（带花树算法）（旧版）,local-tested,src/compact/blossom.hpp,src/classic/blossom.hpp,tests/blossom.cpp; maximum cardinality and matching reconstruction; OJ pending
WIDA,01 - 常用在线模板汇总/02 - 图、树、网络流/12 - 一般图最大权匹配（带权带花树算法）.cpp,,12 - 一般图最大权匹配（带权带花树算法）,pending,,,
WIDA,01 - 常用在线模板汇总/02 - 图、树、网络流/13 - 二分图最大匹配 (HopcroftKarp).cpp,,13 - 二分图最大匹配 (HopcroftKarp),local-tested,src/compact/graph.hpp#BipartiteMatching,src/classic/graph.hpp#Bipartite_Matching,tests/hopcroft_karp.cpp; shortest-layer Hopcroft-Karp; maximum matching and minimum vertex cover; OJ pending
WIDA,01 - 常用在线模板汇总/02 - 图、树、网络流/14 - 2-Sat.cpp,,14 - 2-Sat,local-tested,src/compact/graph.hpp#TwoSAT,src/classic/graph.hpp#Two_SAT,tests/graph_contracts.cpp; exhaustive truth assignments and returned solutions in both styles; variable IDs changed from 0-based to 1-based; OJ pending
WIDA,01 - 常用在线模板汇总/02 - 图、树、网络流/15 - 二分图最大权匹配 (KM).cpp,,15 - 二分图最大权匹配 (KM),local-tested,src/compact/weighted_matching.hpp,src/classic/weighted_matching.hpp,tests/weighted_matching.cpp; full-left and optional max-weight matching with explicit missing edges; int64 weights/int128 arithmetic; independent subset-DP optimum and scheme checks; P6577 dual AC 297520123/297520132 (perfect-matching API only)
WIDA,01 - 常用在线模板汇总/02 - 图、树、网络流/16 - 最大流 (Dinic).cpp,,16 - 最大流 (Dinic),oj_ac_both,src/compact/flow.hpp#Dinic,src/classic/flow.hpp#Network_Flow,verification/oj.json
WIDA,01 - 常用在线模板汇总/02 - 图、树、网络流/17 - 最大流 (HLPP).cpp,,17 - 最大流 (HLPP),pending,,,
WIDA,01 - 常用在线模板汇总/02 - 图、树、网络流/18 - 费用流 (Djikstra).cpp,,18 - 费用流 (Djikstra),pending,,,
WIDA,01 - 常用在线模板汇总/03 - 数论、几何/18 - 欧拉筛.cpp,,18 - 欧拉筛,pending,,,
WIDA,01 - 常用在线模板汇总/03 - 数论、几何/19 - Exgcd.cpp,,19 - Exgcd,pending,,,
WIDA,01 - 常用在线模板汇总/03 - 数论、几何/20 - 组合数 (Lucas).cpp,,20 - 组合数 (Lucas),local-tested,src/compact/number_theory.hpp: Binomial,src/classic/number_theory.hpp: Combination,"Source contains ordinary factorial C/P, not Lucas. Explicit init/Init replaces lazy growth; fac/ifac exposed. tests/binomial.cpp and boundary regression; Pascal/falling-factorial and million-entry tables; no dedicated OJ AC."
WIDA,01 - 常用在线模板汇总/03 - 数论、几何/21 - Miller-Rabin + Pollard-Rho.cpp,,21 - Miller-Rabin + Pollard-Rho,pending,,,
WIDA,01 - 常用在线模板汇总/03 - 数论、几何/22 - 平面几何.cpp,,22 - 平面几何,pending,,,
WIDA,01 - 常用在线模板汇总/03 - 数论、几何/23 - 立体几何.cpp,,23 - 立体几何,pending,,,
WIDA,01 - 常用在线模板汇总/04 - 串与数据结构/24 - DSU++.cpp,,24 - DSU++,pending,,,
WIDA,01 - 常用在线模板汇总/04 - 串与数据结构/24 - DSU.cpp,,24 - DSU,pending,,,
WIDA,01 - 常用在线模板汇总/04 - 串与数据结构/25 - Fenwick 1D++.cpp,,25 - Fenwick 1D++,pending,,,
WIDA,01 - 常用在线模板汇总/04 - 串与数据结构/25 - Fenwick 1D.cpp,,25 - Fenwick 1D,pending,,,
WIDA,01 - 常用在线模板汇总/04 - 串与数据结构/25 - Fenwick 2D++.cpp,,25 - Fenwick 2D++,pending,,,
WIDA,01 - 常用在线模板汇总/04 - 串与数据结构/25 - Fenwick 2D.cpp,,25 - Fenwick 2D,pending,,,
WIDA,01 - 常用在线模板汇总/04 - 串与数据结构/26 - Segt++.cpp,,26 - Segt++,pending,,,
WIDA,01 - 常用在线模板汇总/04 - 串与数据结构/26 - Segt.cpp,,26 - Segt,pending,,,
WIDA,01 - 常用在线模板汇总/04 - 串与数据结构/27 - 坐标压缩.cpp,,27 - 坐标压缩,pending,,,
WIDA,01 - 常用在线模板汇总/04 - 串与数据结构/29 - 分数四则运算.cpp,,29 - 分数四则运算,pending,,,
WIDA,01 - 常用在线模板汇总/04 - 串与数据结构/30 - ST 表.cpp,,30 - ST 表,pending,,,
WIDA,01 - 常用在线模板汇总/04 - 串与数据结构/31 - 线性基（高斯消元法）.cpp,,31 - 线性基（高斯消元法）,local-tested,src/compact/data_structure.hpp#XorBasis,src/classic/data_structure.hpp#Xor_Basis,"64-bit unsigned basis: membership, affine maximum, nonempty minimum, distinct kth with uint128 rank, cached rebuild and multiset merge; exhaustive subsets and rank-64 boundaries; P3812 maximum-only driver local-tested, OJ pending"
WIDA,01 - 常用在线模板汇总/04 - 串与数据结构/32 - 取模类.cpp,,32 - 取模类,pending,,,
WIDA,01 - 常用在线模板汇总/04 - 串与数据结构/33 - 高精度大整数类.cpp,,33 - 高精度大整数类,pending,,,
WIDA,01 - 常用在线模板汇总/04 - 串与数据结构/34 - KMP.cpp,,34 - KMP,pending,,,
WIDA,01 - 常用在线模板汇总/04 - 串与数据结构/35 - 字符串双哈希++.cpp,,35 - 字符串双哈希++,pending,,,
WIDA,01 - 常用在线模板汇总/04 - 串与数据结构/35 - 字符串双哈希.cpp,,35 - 字符串双哈希,pending,,,
WIDA,01 - 常用在线模板汇总/04 - 串与数据结构/35 - 字符串哈希.cpp,,35 - 字符串哈希,pending,,,
WIDA,02 - 打印稿模板汇总/01 - 基础算法.md,,头文件,pending,,,
WIDA,02 - 打印稿模板汇总/01 - 基础算法.md,,常用函数,pending,,,
WIDA,02 - 打印稿模板汇总/01 - 基础算法.md,,最大公约数 `gcd`,pending,,,
WIDA,02 - 打印稿模板汇总/01 - 基础算法.md,,整数域二分,pending,,,
WIDA,02 - 打印稿模板汇总/01 - 基础算法.md,,旧版（无法处理负数情况）,pending,,,
WIDA,02 - 打印稿模板汇总/01 - 基础算法.md,,新版,pending,,,
WIDA,02 - 打印稿模板汇总/01 - 基础算法.md,,实数域二分,pending,,,
WIDA,02 - 打印稿模板汇总/01 - 基础算法.md,,整数域三分,pending,,,
WIDA,02 - 打印稿模板汇总/01 - 基础算法.md,,实数域三分,pending,,,
WIDA,02 - 打印稿模板汇总/02 - 树上问题.md,,树的直径,pending,,,
WIDA,02 - 打印稿模板汇总/02 - 树上问题.md,,树论大封装（直径+重心+中心）,pending,,,
WIDA,02 - 打印稿模板汇总/02 - 树上问题.md,,点分治 / 树的重心,pending,,,
WIDA,02 - 打印稿模板汇总/02 - 树上问题.md,,最近公共祖先 LCA,local-tested,src/compact/lifting_lca.hpp;src/compact/tree.hpp,src/classic/lifting_lca.hpp;src/classic/tree.hpp,Both print subsections verified: HLD LCA/edge distance and binary lifting with signed path maximum; tests/hld.cpp and tests/lifting_lca.cpp independent parent-path oracles; zero-length weighted path represented by nullopt; OJ API scope remains separate
WIDA,02 - 打印稿模板汇总/02 - 树上问题.md,,树链剖分解法,local-tested,src/compact/tree.hpp#HLD,src/classic/tree.hpp#Heavy_Light_Decomposition,tests/hld.cpp; tests/lifting_lca.cpp all labelled trees n<=6/all roots/pairs verifies LCA and dep[u]+dep[v]-2*dep[lca] edge distance; build/Build replaces work; root depth=0 and root parent=self; no new OJ claim
WIDA,02 - 打印稿模板汇总/02 - 树上问题.md,,树上倍增解法,local-tested,src/compact/lifting_lca.hpp#LiftingLCA,src/classic/lifting_lca.hpp#Lifting_LCA,"Unweighted LCA/distance plus signed path maximum covered; tests/lifting_lca.cpp independent parent-path oracle, LLONG_MIN/MAX, empty optional and root overflow; P3379 checks LCA only; weighted maximum online pending"
WIDA,02 - 打印稿模板汇总/02 - 树上问题.md,,树上路径交,local-tested,src/compact/path_intersection.hpp#path_intersection,src/classic/path_intersection.hpp#Path_Intersection,"tests/path_intersection.cpp exhaustive n<=5 labelled trees/all roots/four endpoints, path-set oracle; Euler/HLD callbacks; endpoints and vertex count; avoids upstream vertex-ID sorting bug; P3398 dual complete programs at n=q=100000 local-tested, online pending"
WIDA,02 - 打印稿模板汇总/02 - 树上问题.md,,树上启发式合并 (DSU on tree),local-tested,src/compact/dsu_on_tree.hpp,src/classic/dsu_on_tree.hpp,tests/dsu_on_tree.cpp; subtree max-frequency color sum; OJ pending
WIDA,02 - 打印稿模板汇总/03A - 图论.md,,常见概念,pending,,,
WIDA,02 - 打印稿模板汇总/03A - 图论.md,,单源最短路径（SSSP问题）,pending,,,
WIDA,02 - 打印稿模板汇总/03A - 图论.md,,（正权稀疏图）动态数组存图+Djikstra算法,pending,,,
WIDA,02 - 打印稿模板汇总/03A - 图论.md,,（负权图、判负环）Bellman-ford 算法,pending,,,
WIDA,02 - 打印稿模板汇总/03A - 图论.md,,（负权图）SPFA 算法,pending,,,
WIDA,02 - 打印稿模板汇总/03A - 图论.md,,多源汇最短路（APSP问题）,pending,,,
WIDA,02 - 打印稿模板汇总/03A - 图论.md,,平面图最短路（对偶图）,pending,,,
WIDA,02 - 打印稿模板汇总/03A - 图论.md,,最小生成树（MST问题）,pending,,,
WIDA,02 - 打印稿模板汇总/03A - 图论.md,,（稀疏图）Prim算法,pending,,,
WIDA,02 - 打印稿模板汇总/03A - 图论.md,,（稠密图）Kruskal算法,pending,,,
WIDA,02 - 打印稿模板汇总/03A - 图论.md,,缩点（Tarjan 算法）,local-tested,src/compact/biconnected.hpp;src/compact/tarjan.hpp;src/compact/edge_components.hpp,src/classic/biconnected.hpp;src/classic/tarjan.hpp;src/classic/edge_components.hpp,"Bridge/block/SCC kernels plus edge-ID orientation and edge-compression sizes/internal-edge counts; loops counted once, parallel edges preserved. tests/edge_components.cpp independent deletion/reachability oracles; CF118E dual driver local-tested at N=100000 M=300000. Only prior P8435/P8436 partition APIs have OJ AC"
WIDA,02 - 打印稿模板汇总/03A - 图论.md,,（有向图）强连通分量缩点,local-tested,src/compact/tarjan.hpp#TarjanSCC,src/classic/tarjan.hpp#Tarjan_SCC,Recursive Tarjan: cnt/bel and dag/Dag; sizes from bel histogram. 1-based IDs in reverse topological order; tests/tarjan.cpp exact reachability and repeated runs; no directed-SCC OJ record yet. See docs/GRAPH_COVERAGE_REVIEW.md
WIDA,02 - 打印稿模板汇总/03A - 图论.md,,（无向图）割边缩点,local-tested,src/compact/biconnected.hpp;src/compact/tarjan.hpp;src/compact/edge_components.hpp,src/classic/biconnected.hpp;src/classic/tarjan.hpp;src/classic/edge_components.hpp,"Bridge/block/SCC kernels plus edge-ID orientation and edge-compression sizes/internal-edge counts; loops counted once, parallel edges preserved. tests/edge_components.cpp independent deletion/reachability oracles; CF118E dual driver local-tested at N=100000 M=300000. Only prior P8435/P8436 partition APIs have OJ AC"
WIDA,02 - 打印稿模板汇总/03A - 图论.md,,（无向图）割点缩点,local-tested,src/compact/biconnected.hpp#Biconnected,src/classic/biconnected.hpp#Biconnected_Graph,"Cut vertices, block vertex sets and correct full vertex-block incidence forest covered; P8435 dual AC plus independent block/forest oracles. Upstream boolean point indexing in rebuild is not copied; full forest numbering documented in graph review"
WIDA,02 - 打印稿模板汇总/03A - 图论.md,,染色法判定二分图 (dfs算法),pending,,,
WIDA,02 - 打印稿模板汇总/03A - 图论.md,,链式前向星建图与搜索,pending,,,
WIDA,02 - 打印稿模板汇总/03A - 图论.md,,一般图最大匹配（带花树算法）,pending,,,
WIDA,02 - 打印稿模板汇总/03A - 图论.md,,一般图最大权匹配（带权带花树算法）,pending,,,
WIDA,02 - 打印稿模板汇总/03A - 图论.md,,二分图最大匹配,pending,,,
WIDA,02 - 打印稿模板汇总/03A - 图论.md,,匈牙利算法（KM算法）解,local-tested,src/compact/graph.hpp#BipartiteMatching,src/classic/graph.hpp#Bipartite_Matching,"Upstream code inspected: unweighted Kuhn matching despite KM heading; covered by Hopcroft-Karp exhaustive matching/cover tests, not the weighted module"
WIDA,02 - 打印稿模板汇总/03A - 图论.md,,HopcroftKarp算法（基于最大流）解,pending,,,
WIDA,02 - 打印稿模板汇总/03A - 图论.md,,二分图最大权匹配（二分图完美匹配）,local-tested,src/compact/weighted_matching.hpp,src/classic/weighted_matching.hpp,tests/weighted_matching.cpp; full-left and optional max-weight matching with explicit missing edges; int64 weights/int128 arithmetic; independent subset-DP optimum and scheme checks; P6577 dual AC 297520123/297520132 (perfect-matching API only)
WIDA,02 - 打印稿模板汇总/03A - 图论.md,,二分图最大独立点集（Konig 定理）,pending,,,
WIDA,02 - 打印稿模板汇总/03A - 图论.md,,最长路（topsort+DP算法）,pending,,,
WIDA,02 - 打印稿模板汇总/03A - 图论.md,,最短路径树（SPT问题）,pending,,,
WIDA,02 - 打印稿模板汇总/03A - 图论.md,,无源汇点的最小割问题 Stoer–Wagner,pending,,,
WIDA,02 - 打印稿模板汇总/03A - 图论.md,,欧拉路径/欧拉回路 Hierholzers,local-tested,src/compact/directed_euler.hpp;src/compact/undirected_euler.hpp,src/classic/directed_euler.hpp;src/classic/undirected_euler.hpp,Directed and undirected existence/construction verified independently with exhaustive edge-trail oracles and edge-ID certificates; default vertex-lexical order tested; online pending
WIDA,02 - 打印稿模板汇总/03A - 图论.md,,有向图欧拉路径存在判定,local-tested,src/compact/directed_euler.hpp#DirectedEuler,src/classic/directed_euler.hpp#Directed_Euler,"tests/directed_euler.cpp exhaustive all edge trails, lexical optimum and edge-ID certificates; loops/multiedges/isolates/fixed starts/reruns; m=200000 recursive edges; P7771 dual complete drivers local-tested, online pending"
WIDA,02 - 打印稿模板汇总/03A - 图论.md,,无向图欧拉路径存在判定,local-tested,src/compact/undirected_euler.hpp#UndirectedEuler,src/classic/undirected_euler.hpp#Undirected_Euler,"tests/undirected_euler.cpp exhaustive trail oracle, lexical optimum, IDs and directions; loops/parallel edges/isolates/fixed starts/reruns; m=200000 recursion; P2731 and SGU101 dual complete drivers locally verified, online pending"
WIDA,02 - 打印稿模板汇总/03A - 图论.md,,有向图欧拉路径求解（字典序最小）,local-tested,src/compact/directed_euler.hpp#DirectedEuler,src/classic/directed_euler.hpp#Directed_Euler,"tests/directed_euler.cpp exhaustive all edge trails, lexical optimum and edge-ID certificates; loops/multiedges/isolates/fixed starts/reruns; m=200000 recursive edges; P7771 dual complete drivers local-tested, online pending"
WIDA,02 - 打印稿模板汇总/03A - 图论.md,,无向图欧拉路径求解,local-tested,src/compact/undirected_euler.hpp#UndirectedEuler,src/classic/undirected_euler.hpp#Undirected_Euler,"tests/undirected_euler.cpp exhaustive trail oracle, lexical optimum, IDs and directions; loops/parallel edges/isolates/fixed starts/reruns; m=200000 recursion; P2731 and SGU101 dual complete drivers locally verified, online pending"
WIDA,02 - 打印稿模板汇总/03A - 图论.md,,差分约束,pending,,,
WIDA,02 - 打印稿模板汇总/03A - 图论.md,,2-Sat,pending,,,
WIDA,02 - 打印稿模板汇总/03A - 图论.md,,基础封装,pending,,,
WIDA,02 - 打印稿模板汇总/03A - 图论.md,,答案不唯一时不输出,pending,,,
WIDA,02 - 打印稿模板汇总/03B - 图论常见结论及例题.md,,常见结论,pending,,,
WIDA,02 - 打印稿模板汇总/03B - 图论常见结论及例题.md,,常见例题,pending,,,
WIDA,02 - 打印稿模板汇总/03B - 图论常见结论及例题.md,,杂,pending,,,
WIDA,02 - 打印稿模板汇总/03B - 图论常见结论及例题.md,,Prüfer 序列：凯莱公式,pending,,,
WIDA,02 - 打印稿模板汇总/03B - 图论常见结论及例题.md,,Prüfer 序列,pending,,,
WIDA,02 - 打印稿模板汇总/03B - 图论常见结论及例题.md,,单源最短/次短路计数,pending,,,
WIDA,02 - 打印稿模板汇总/03B - 图论常见结论及例题.md,,输出任意一个三元环,pending,,,
WIDA,02 - 打印稿模板汇总/03B - 图论常见结论及例题.md,,带权最小环大小与计数,pending,,,
WIDA,02 - 打印稿模板汇总/03B - 图论常见结论及例题.md,,最小环大小,pending,,,
WIDA,02 - 打印稿模板汇总/03B - 图论常见结论及例题.md,,本质不同简单环计数,pending,,,
WIDA,02 - 打印稿模板汇总/03B - 图论常见结论及例题.md,,输出任意一个非二元简单环,pending,,,
WIDA,02 - 打印稿模板汇总/03B - 图论常见结论及例题.md,,有向图环计数,pending,,,
WIDA,02 - 打印稿模板汇总/03B - 图论常见结论及例题.md,,有向图简单环检查、输出,pending,,,
WIDA,02 - 打印稿模板汇总/03B - 图论常见结论及例题.md,,无向图简单环检查、输出,pending,,,
WIDA,02 - 打印稿模板汇总/03B - 图论常见结论及例题.md,,判定带环图是否是平面图,pending,,,
WIDA,02 - 打印稿模板汇总/04 - 网络流.md,,最大流,pending,,,
WIDA,02 - 打印稿模板汇总/04 - 网络流.md,,最小割,pending,,,
WIDA,02 - 打印稿模板汇总/04 - 网络流.md,,最小割树 Gomory-Hu Tree,pending,,,
WIDA,02 - 打印稿模板汇总/04 - 网络流.md,,费用流,pending,,,
WIDA,02 - 打印稿模板汇总/05A - 数论.md,,常见数列,pending,,,
WIDA,02 - 打印稿模板汇总/05A - 数论.md,,调和级数,pending,,,
WIDA,02 - 打印稿模板汇总/05A - 数论.md,,素数密度与分布,pending,,,
WIDA,02 - 打印稿模板汇总/05A - 数论.md,,因数最多数字与其因数数量,pending,,,
WIDA,02 - 打印稿模板汇总/05A - 数论.md,,快速幂,pending,,,
WIDA,02 - 打印稿模板汇总/05A - 数论.md,,常规,pending,,,
WIDA,02 - 打印稿模板汇总/05A - 数论.md,,长整型 with 防爆乘法,pending,,,
WIDA,02 - 打印稿模板汇总/05A - 数论.md,,质数判定,pending,,,
WIDA,02 - 打印稿模板汇总/05A - 数论.md,,试除法,pending,,,
WIDA,02 - 打印稿模板汇总/05A - 数论.md,,筛法,pending,,,
WIDA,02 - 打印稿模板汇总/05A - 数论.md,,Miller-Rabin,pending,,,
WIDA,02 - 打印稿模板汇总/05A - 数论.md,,质因子分解,pending,,,
WIDA,02 - 打印稿模板汇总/05A - 数论.md,,筛法,pending,,,
WIDA,02 - 打印稿模板汇总/05A - 数论.md,,Pollard-Rho,pending,,,
WIDA,02 - 打印稿模板汇总/05A - 数论.md,,裴蜀定理,pending,,,
WIDA,02 - 打印稿模板汇总/05A - 数论.md,,逆元,local-tested,src/compact/number_theory.hpp; src/compact/inverse_table.hpp,src/classic/number_theory.hpp; src/classic/inverse_table.hpp,tests/inverse_table.cpp; tests/inverse_table_application.py; exgcd inverse brute oracle and Fermat/linear multiplication certificates; n=3000000 driver checks; composite shortcut corrected (3 mod 8) using exgcd; P3811 linear table dual AC 297563298/297563503; general inverse APIs retain local evidence
WIDA,02 - 打印稿模板汇总/05A - 数论.md,,费马小定理解（借助快速幂）,local-tested,src/compact/number_theory.hpp; src/compact/inverse_table.hpp,src/classic/number_theory.hpp; src/classic/inverse_table.hpp,tests/inverse_table.cpp; tests/inverse_table_application.py; exgcd inverse brute oracle and Fermat/linear multiplication certificates; n=3000000 driver checks; composite shortcut corrected (3 mod 8) using exgcd; P3811 linear table dual AC 297563298/297563503; general inverse APIs retain local evidence
WIDA,02 - 打印稿模板汇总/05A - 数论.md,,扩展欧几里得解,local-tested,src/compact/number_theory.hpp; src/compact/inverse_table.hpp,src/classic/number_theory.hpp; src/classic/inverse_table.hpp,tests/inverse_table.cpp; tests/inverse_table_application.py; exgcd inverse brute oracle and Fermat/linear multiplication certificates; n=3000000 driver checks; composite shortcut corrected (3 mod 8) using exgcd; P3811 linear table dual AC 297563298/297563503; general inverse APIs retain local evidence
WIDA,02 - 打印稿模板汇总/05A - 数论.md,,离线求解：线性递推解,local-tested,src/compact/number_theory.hpp; src/compact/inverse_table.hpp,src/classic/number_theory.hpp; src/classic/inverse_table.hpp,tests/inverse_table.cpp; tests/inverse_table_application.py; exgcd inverse brute oracle and Fermat/linear multiplication certificates; n=3000000 driver checks; composite shortcut corrected (3 mod 8) using exgcd; P3811 linear table dual AC 297563298/297563503; general inverse APIs retain local evidence
WIDA,02 - 打印稿模板汇总/05A - 数论.md,,扩展欧几里得 exgcd,local-tested,src/compact/number_theory.hpp; src/compact/linear_equation.hpp,src/classic/number_theory.hpp; src/classic/linear_equation.hpp,tests/linear_equation.cpp; tests/linear_equation_application.py; cpp_int Bezout certificates; signed int64/zero cases; P5656 200000 cases with counts/extrema and positive-coordinate oracle; inverse evidence in tests/inverse_table.cpp; no new OJ AC
WIDA,02 - 打印稿模板汇总/05A - 数论.md,,离散对数 bsgs 与 exbsgs,local-tested,src/compact/algebra.hpp#DiscreteLog,src/classic/algebra.hpp#Discrete_Log,"tests/discrete_log.cpp; exhaustive residue first-occurrence oracle in both styles, noncoprime moduli, signed extremes and 1e12 bound; smallest exponent verified; P4195 dual AC 297520101/297520104 for official positive inputs <=1e9"
WIDA,02 - 打印稿模板汇总/05A - 数论.md,,欧拉函数,pending,,,
WIDA,02 - 打印稿模板汇总/05A - 数论.md,,直接求解单个数的欧拉函数,local-tested,src/compact/euler_phi.hpp,src/classic/euler_phi.hpp,tests/euler_phi.cpp; trial and reusable Pollard-Rho paths; gcd/sieve oracles; prime powers and uint64 boundaries; factor primes checked by trial; ASan/UBSan; no dedicated phi OJ AC
WIDA,02 - 打印稿模板汇总/05A - 数论.md,,求解 1 到 N 所有数的欧拉函数,local-tested,src/compact/number_theory.hpp: LinearSieve,src/classic/number_theory.hpp: Linear_Sieve,tests/linear_sieve.cpp and tests/phi_inversion.cpp; million-entry direct mu*id convolution and proper-divisor subtraction; O(n) sieve supplies same phi table without divisor lists; ASan/UBSan; no dedicated OJ AC
WIDA,02 - 打印稿模板汇总/05A - 数论.md,,使用莫比乌斯反演求解欧拉函数,local-tested,src/compact/number_theory.hpp: LinearSieve,src/classic/number_theory.hpp: Linear_Sieve,tests/linear_sieve.cpp and tests/phi_inversion.cpp; million-entry direct mu*id convolution and proper-divisor subtraction; O(n) sieve supplies same phi table without divisor lists; ASan/UBSan; no dedicated OJ AC
WIDA,02 - 打印稿模板汇总/05A - 数论.md,,组合数,pending,,,
WIDA,02 - 打印稿模板汇总/05A - 数论.md,,debug,pending,,,
WIDA,02 - 打印稿模板汇总/05A - 数论.md,,逆元+卢卡斯定理（质数取模）,pending,,,
WIDA,02 - 打印稿模板汇总/05A - 数论.md,,质因数分解,pending,,,
WIDA,02 - 打印稿模板汇总/05A - 数论.md,,杨辉三角（精确计算）,pending,,,
WIDA,02 - 打印稿模板汇总/05A - 数论.md,,求解连续数字的正约数集合——倍数法,pending,,,
WIDA,02 - 打印稿模板汇总/05A - 数论.md,,容斥原理,pending,,,
WIDA,02 - 打印稿模板汇总/05A - 数论.md,,二进制枚举解,pending,,,
WIDA,02 - 打印稿模板汇总/05A - 数论.md,,dfs 解,pending,,,
WIDA,02 - 打印稿模板汇总/05A - 数论.md,,同余方程组、拓展中国剩余定理 excrt,local-tested,src/compact/number_theory.hpp: NumberTheory::crt,src/classic/number_theory.hpp: Number_Theory::Crt,tests/crt.cpp; tests/crt_application.py; verification/crt-tests.txt; verification/crt-sanitizer-tests.txt; verification/crt-driver-tests.txt; noncoprime merge and int64 overflow; P4777 dual AC 297521102/297521173 (consistent judge cases only)
WIDA,02 - 打印稿模板汇总/05A - 数论.md,,求解连续按位异或,pending,,,
WIDA,02 - 打印稿模板汇总/05A - 数论.md,,高斯消元求解线性方程组,pending,,,
WIDA,02 - 打印稿模板汇总/05A - 数论.md,,康拓展开,pending,,,
WIDA,02 - 打印稿模板汇总/05A - 数论.md,,正向展开普通解法,pending,,,
WIDA,02 - 打印稿模板汇总/05A - 数论.md,,正向展开树状数组解,pending,,,
WIDA,02 - 打印稿模板汇总/05A - 数论.md,,逆向还原,pending,,,
WIDA,02 - 打印稿模板汇总/05A - 数论.md,,Min25 筛,pending,,,
WIDA,02 - 打印稿模板汇总/05A - 数论.md,,矩阵四则运算,pending,,,
WIDA,02 - 打印稿模板汇总/05A - 数论.md,,矩阵快速幂,pending,,,
WIDA,02 - 打印稿模板汇总/05A - 数论.md,,矩阵加速,pending,,,
WIDA,02 - 打印稿模板汇总/05A - 数论.md,,莫比乌斯函数/反演,pending,,,
WIDA,02 - 打印稿模板汇总/05A - 数论.md,,整除（数论）分块,pending,,,
WIDA,02 - 打印稿模板汇总/05B - 数论常见结论及例题.md,,常见结论,pending,,,
WIDA,02 - 打印稿模板汇总/05B - 数论常见结论及例题.md,,球盒模型,pending,,,
WIDA,02 - 打印稿模板汇总/05B - 数论常见结论及例题.md,,麦乐鸡定理,pending,,,
WIDA,02 - 打印稿模板汇总/05B - 数论常见结论及例题.md,,抽屉原理（鸽巢原理）,pending,,,
WIDA,02 - 打印稿模板汇总/05B - 数论常见结论及例题.md,,哥德巴赫猜想,pending,,,
WIDA,02 - 打印稿模板汇总/05B - 数论常见结论及例题.md,,除法、取模运算的本质,pending,,,
WIDA,02 - 打印稿模板汇总/05B - 数论常见结论及例题.md,,与、或、异或,pending,,,
WIDA,02 - 打印稿模板汇总/05B - 数论常见结论及例题.md,,调和级数近似公式,pending,,,
WIDA,02 - 打印稿模板汇总/05B - 数论常见结论及例题.md,,欧拉函数常见性质,pending,,,
WIDA,02 - 打印稿模板汇总/05B - 数论常见结论及例题.md,,组合数学常见性质,pending,,,
WIDA,02 - 打印稿模板汇总/05B - 数论常见结论及例题.md,,范德蒙德卷积公式,pending,,,
WIDA,02 - 打印稿模板汇总/05B - 数论常见结论及例题.md,,卡特兰数,pending,,,
WIDA,02 - 打印稿模板汇总/05B - 数论常见结论及例题.md,,狄利克雷卷积,pending,,,
WIDA,02 - 打印稿模板汇总/05B - 数论常见结论及例题.md,,斐波那契数列,pending,,,
WIDA,02 - 打印稿模板汇总/05B - 数论常见结论及例题.md,,杂,pending,,,
WIDA,02 - 打印稿模板汇总/05B - 数论常见结论及例题.md,,常见例题,pending,,,
WIDA,02 - 打印稿模板汇总/06A - 几何.md,,库实数类实现（双精度）,pending,,,
WIDA,02 - 打印稿模板汇总/06A - 几何.md,,平面几何必要初始化,pending,,,
WIDA,02 - 打印稿模板汇总/06A - 几何.md,,字符串读入浮点数,pending,,,
WIDA,02 - 打印稿模板汇总/06A - 几何.md,,预置函数,pending,,,
WIDA,02 - 打印稿模板汇总/06A - 几何.md,,点线封装,pending,,,
WIDA,02 - 打印稿模板汇总/06A - 几何.md,,叉乘,pending,,,
WIDA,02 - 打印稿模板汇总/06A - 几何.md,,点乘,pending,,,
WIDA,02 - 打印稿模板汇总/06A - 几何.md,,欧几里得距离公式,pending,,,
WIDA,02 - 打印稿模板汇总/06A - 几何.md,,曼哈顿距离公式,pending,,,
WIDA,02 - 打印稿模板汇总/06A - 几何.md,,将向量转换为单位向量,pending,,,
WIDA,02 - 打印稿模板汇总/06A - 几何.md,,向量旋转,pending,,,
WIDA,02 - 打印稿模板汇总/06A - 几何.md,,平面角度与弧度,pending,,,
WIDA,02 - 打印稿模板汇总/06A - 几何.md,,弧度角度相互转换,pending,,,
WIDA,02 - 打印稿模板汇总/06A - 几何.md,,正弦定理,pending,,,
WIDA,02 - 打印稿模板汇总/06A - 几何.md,,余弦定理（已知三角形三边，求角）,pending,,,
WIDA,02 - 打印稿模板汇总/06A - 几何.md,,求两向量的夹角,pending,,,
WIDA,02 - 打印稿模板汇总/06A - 几何.md,,向量旋转任意角度,pending,,,
WIDA,02 - 打印稿模板汇总/06A - 几何.md,,点绕点旋转任意角度,pending,,,
WIDA,02 - 打印稿模板汇总/06A - 几何.md,,平面点线相关,pending,,,
WIDA,02 - 打印稿模板汇总/06A - 几何.md,,点是否在直线上（三点是否共线）,pending,,,
WIDA,02 - 打印稿模板汇总/06A - 几何.md,,点是否在向量（直线）左侧,pending,,,
WIDA,02 - 打印稿模板汇总/06A - 几何.md,,两点是否在直线同侧/异侧,pending,,,
WIDA,02 - 打印稿模板汇总/06A - 几何.md,,两直线相交交点,pending,,,
WIDA,02 - 打印稿模板汇总/06A - 几何.md,,两直线是否平行/垂直/相同,pending,,,
WIDA,02 - 打印稿模板汇总/06A - 几何.md,,点到直线的最近距离与最近点,pending,,,
WIDA,02 - 打印稿模板汇总/06A - 几何.md,,点是否在线段上,pending,,,
WIDA,02 - 打印稿模板汇总/06A - 几何.md,,点到线段的最近距离与最近点,pending,,,
WIDA,02 - 打印稿模板汇总/06A - 几何.md,,点在直线上的投影点（垂足）,pending,,,
WIDA,02 - 打印稿模板汇总/06A - 几何.md,,线段的中垂线,pending,,,
WIDA,02 - 打印稿模板汇总/06A - 几何.md,,两线段是否相交及交点,pending,,,
WIDA,02 - 打印稿模板汇总/06A - 几何.md,,平面圆相关（浮点数处理）,pending,,,
WIDA,02 - 打印稿模板汇总/06A - 几何.md,,点到圆的最近点,pending,,,
WIDA,02 - 打印稿模板汇总/06A - 几何.md,,根据圆心角获取圆上某点,pending,,,
WIDA,02 - 打印稿模板汇总/06A - 几何.md,,直线是否与圆相交及交点,pending,,,
WIDA,02 - 打印稿模板汇总/06A - 几何.md,,线段是否与圆相交及交点,pending,,,
WIDA,02 - 打印稿模板汇总/06A - 几何.md,,两圆是否相交及交点,pending,,,
WIDA,02 - 打印稿模板汇总/06A - 几何.md,,两圆相交面积,pending,,,
WIDA,02 - 打印稿模板汇总/06A - 几何.md,,三点确定一圆,pending,,,
WIDA,02 - 打印稿模板汇总/06A - 几何.md,,求解点到圆的切线数量与切点,pending,,,
WIDA,02 - 打印稿模板汇总/06A - 几何.md,,求解两圆的内公、外公切线数量与切点,pending,,,
WIDA,02 - 打印稿模板汇总/06A - 几何.md,,平面三角形相关（浮点数处理）,pending,,,
WIDA,02 - 打印稿模板汇总/06A - 几何.md,,三角形面积,pending,,,
WIDA,02 - 打印稿模板汇总/06A - 几何.md,,三角形外心,pending,,,
WIDA,02 - 打印稿模板汇总/06A - 几何.md,,三角形内心,pending,,,
WIDA,02 - 打印稿模板汇总/06A - 几何.md,,三角形垂心,pending,,,
WIDA,02 - 打印稿模板汇总/06A - 几何.md,,平面直线方程转换,pending,,,
WIDA,02 - 打印稿模板汇总/06A - 几何.md,,浮点数计算直线的斜率,pending,,,
WIDA,02 - 打印稿模板汇总/06A - 几何.md,,分数精确计算直线的斜率,pending,,,
WIDA,02 - 打印稿模板汇总/06A - 几何.md,,两点式转一般式,pending,,,
WIDA,02 - 打印稿模板汇总/06A - 几何.md,,一般式转两点式,pending,,,
WIDA,02 - 打印稿模板汇总/06A - 几何.md,,抛物线与 x 轴是否相交及交点,pending,,,
WIDA,02 - 打印稿模板汇总/06A - 几何.md,,平面多边形,pending,,,
WIDA,02 - 打印稿模板汇总/06A - 几何.md,,两向量构成的平面四边形有向面积,pending,,,
WIDA,02 - 打印稿模板汇总/06A - 几何.md,,判断四个点能否组成矩形/正方形,pending,,,
WIDA,02 - 打印稿模板汇总/06A - 几何.md,,点是否在任意多边形内,pending,,,
WIDA,02 - 打印稿模板汇总/06A - 几何.md,,线段是否在任意多边形内部,pending,,,
WIDA,02 - 打印稿模板汇总/06A - 几何.md,,任意多边形的面积,pending,,,
WIDA,02 - 打印稿模板汇总/06A - 几何.md,,皮克定理,pending,,,
WIDA,02 - 打印稿模板汇总/06A - 几何.md,,任意多边形上/内的网格点个数（仅能处理整数）,pending,,,
WIDA,02 - 打印稿模板汇总/06A - 几何.md,,二维凸包,pending,,,
WIDA,02 - 打印稿模板汇总/06A - 几何.md,,获取二维静态凸包（Andrew算法）,pending,,,
WIDA,02 - 打印稿模板汇总/06A - 几何.md,,二维动态凸包,pending,,,
WIDA,02 - 打印稿模板汇总/06A - 几何.md,,点与凸包的位置关系,pending,,,
WIDA,02 - 打印稿模板汇总/06A - 几何.md,,闵可夫斯基和,pending,,,
WIDA,02 - 打印稿模板汇总/06A - 几何.md,,半平面交,pending,,,
WIDA,02 - 打印稿模板汇总/06A - 几何.md,,三维几何必要初始化,pending,,,
WIDA,02 - 打印稿模板汇总/06A - 几何.md,,点线面封装,pending,,,
WIDA,02 - 打印稿模板汇总/06A - 几何.md,,其他函数,pending,,,
WIDA,02 - 打印稿模板汇总/06A - 几何.md,,三维点线面相关,pending,,,
WIDA,02 - 打印稿模板汇总/06A - 几何.md,,空间三点是否共线,pending,,,
WIDA,02 - 打印稿模板汇总/06A - 几何.md,,四点是否共面,pending,,,
WIDA,02 - 打印稿模板汇总/06A - 几何.md,,空间点是否在线段上,pending,,,
WIDA,02 - 打印稿模板汇总/06A - 几何.md,,空间两点是否在线段同侧,pending,,,
WIDA,02 - 打印稿模板汇总/06A - 几何.md,,两点是否在平面同侧,pending,,,
WIDA,02 - 打印稿模板汇总/06A - 几何.md,,空间两直线是否平行/垂直,pending,,,
WIDA,02 - 打印稿模板汇总/06A - 几何.md,,两平面是否平行/垂直,pending,,,
WIDA,02 - 打印稿模板汇总/06A - 几何.md,,空间两直线是否是同一条,pending,,,
WIDA,02 - 打印稿模板汇总/06A - 几何.md,,两平面是否是同一个,pending,,,
WIDA,02 - 打印稿模板汇总/06A - 几何.md,,直线是否与平面平行,pending,,,
WIDA,02 - 打印稿模板汇总/06A - 几何.md,,空间两线段是否相交,pending,,,
WIDA,02 - 打印稿模板汇总/06A - 几何.md,,空间两直线是否相交及交点,pending,,,
WIDA,02 - 打印稿模板汇总/06A - 几何.md,,直线与平面是否相交及交点,pending,,,
WIDA,02 - 打印稿模板汇总/06A - 几何.md,,两平面是否相交及交线,pending,,,
WIDA,02 - 打印稿模板汇总/06A - 几何.md,,点到直线的最近点与最近距离,pending,,,
WIDA,02 - 打印稿模板汇总/06A - 几何.md,,点到平面的最近点与最近距离,pending,,,
WIDA,02 - 打印稿模板汇总/06A - 几何.md,,空间两直线的最近距离与最近点对,pending,,,
WIDA,02 - 打印稿模板汇总/06A - 几何.md,,三维角度与弧度,pending,,,
WIDA,02 - 打印稿模板汇总/06A - 几何.md,,空间两直线夹角的 cos 值,pending,,,
WIDA,02 - 打印稿模板汇总/06A - 几何.md,,空间两平面夹角的 cos 值,pending,,,
WIDA,02 - 打印稿模板汇总/06A - 几何.md,,直线与平面夹角的 sin 值,pending,,,
WIDA,02 - 打印稿模板汇总/06A - 几何.md,,空间多边形,pending,,,
WIDA,02 - 打印稿模板汇总/06A - 几何.md,,正N棱锥体积公式,pending,,,
WIDA,02 - 打印稿模板汇总/06A - 几何.md,,四面体体积,pending,,,
WIDA,02 - 打印稿模板汇总/06A - 几何.md,,点是否在空间三角形上,pending,,,
WIDA,02 - 打印稿模板汇总/06A - 几何.md,,线段是否与空间三角形相交及交点,pending,,,
WIDA,02 - 打印稿模板汇总/06A - 几何.md,,空间三角形是否相交,pending,,,
WIDA,02 - 打印稿模板汇总/07 - 多项式.md,,多项式封装,pending,,,
WIDA,02 - 打印稿模板汇总/07 - 多项式.md,,离散傅里叶变换 dft 与其逆变换 idft,pending,,,
WIDA,02 - 打印稿模板汇总/07 - 多项式.md,,Berlekamp-Massey 算法（杜教筛）,local-tested,src/compact/recurrence.hpp,src/classic/recurrence.hpp,tests/recurrence.cpp; coefficients exclude leading 1 and use positive recurrence convention; OJ pending
WIDA,02 - 打印稿模板汇总/07 - 多项式.md,,Linear-Recurrence 算法,pending,,,
WIDA,02 - 打印稿模板汇总/07 - 多项式.md,,快速傅里叶变换 FFT,pending,,,
WIDA,02 - 打印稿模板汇总/07 - 多项式.md,,快速数论变换 NTT,pending,,,
WIDA,02 - 打印稿模板汇总/07 - 多项式.md,,拉格朗日插值,local-tested,src/compact/interpolation.hpp,src/classic/interpolation.hpp,tests/interpolation.cpp; arbitrary and consecutive nodes; WIDA power-sum application with d<=p-2 checked by direct summation; exact Horner oracle; P4781 dual AC 297520159/297520164 for arbitrary-node init/query only
WIDA,02 - 打印稿模板汇总/07 - 多项式.md,,常用结论,pending,,,
WIDA,02 - 打印稿模板汇总/07 - 多项式.md,,杂,pending,,,
WIDA,02 - 打印稿模板汇总/07 - 多项式.md,,普通生成函数 / OGF,pending,,,
WIDA,02 - 打印稿模板汇总/07 - 多项式.md,,指数生成函数 / EGF,pending,,,
WIDA,02 - 打印稿模板汇总/08 - 数据结构.md,,并查集（全功能）,pending,,,
WIDA,02 - 打印稿模板汇总/08 - 数据结构.md,,树状数组,pending,,,
WIDA,02 - 打印稿模板汇总/08 - 数据结构.md,,半动态区间和（单点修改）,pending,,,
WIDA,02 - 打印稿模板汇总/08 - 数据结构.md,,动态区间和（区间修改）,pending,,,
WIDA,02 - 打印稿模板汇总/08 - 数据结构.md,,静态区间最值（单点修改）,pending,,,
WIDA,02 - 打印稿模板汇总/08 - 数据结构.md,,逆序对扩展,pending,,,
WIDA,02 - 打印稿模板汇总/08 - 数据结构.md,,排名扩展,pending,,,
WIDA,02 - 打印稿模板汇总/08 - 数据结构.md,,二维树状数组,pending,,,
WIDA,02 - 打印稿模板汇总/08 - 数据结构.md,,半动态矩阵和（单点修改）,pending,,,
WIDA,02 - 打印稿模板汇总/08 - 数据结构.md,,动态矩阵和（区间修改）,pending,,,
WIDA,02 - 打印稿模板汇总/08 - 数据结构.md,,线段树,pending,,,
WIDA,02 - 打印稿模板汇总/08 - 数据结构.md,,区间加法修改、区间最小值查询,pending,,,
WIDA,02 - 打印稿模板汇总/08 - 数据结构.md,,同时需要处理区间加法与乘法修改,pending,,,
WIDA,02 - 打印稿模板汇总/08 - 数据结构.md,,区间赋值/推平,pending,,,
WIDA,02 - 打印稿模板汇总/08 - 数据结构.md,,区间取模,pending,,,
WIDA,02 - 打印稿模板汇总/08 - 数据结构.md,,区间异或修改,pending,,,
WIDA,02 - 打印稿模板汇总/08 - 数据结构.md,,拆位运算,pending,,,
WIDA,02 - 打印稿模板汇总/08 - 数据结构.md,,坐标压缩与离散化,pending,,,
WIDA,02 - 打印稿模板汇总/08 - 数据结构.md,,简单版本,pending,,,
WIDA,02 - 打印稿模板汇总/08 - 数据结构.md,,封装,pending,,,
WIDA,02 - 打印稿模板汇总/08 - 数据结构.md,,轻重链剖分/树链剖分,pending,,,
WIDA,02 - 打印稿模板汇总/08 - 数据结构.md,,小波矩阵树：高效静态区间第 K 大查询,pending,,,
WIDA,02 - 打印稿模板汇总/08 - 数据结构.md,,普通莫队,pending,,,
WIDA,02 - 打印稿模板汇总/08 - 数据结构.md,,带修改的莫队（带时间维度的莫队）,pending,,,
WIDA,02 - 打印稿模板汇总/08 - 数据结构.md,,分数运算类,pending,,,
WIDA,02 - 打印稿模板汇总/08 - 数据结构.md,,主席树（可持久化线段树）,local-tested,src/compact/optimization.hpp,src/classic/optimization.hpp,PersistentKth / Persistent_Kth: tests/optimization.cpp and tests/dual.cpp; prefix frequency roots and interval kth; P3834 dual AC 297520290/297520299
WIDA,02 - 打印稿模板汇总/08 - 数据结构.md,,KD Tree,pending,,,
WIDA,02 - 打印稿模板汇总/08 - 数据结构.md,,ST 表,pending,,,
WIDA,02 - 打印稿模板汇总/08 - 数据结构.md,,基于状压的线性 RMQ 算法,pending,,,
WIDA,02 - 打印稿模板汇总/08 - 数据结构.md,,pbds 扩展库实现平衡二叉树,pending,,,
WIDA,02 - 打印稿模板汇总/08 - 数据结构.md,,vector 模拟实现平衡二叉树,pending,,,
WIDA,02 - 打印稿模板汇总/08 - 数据结构.md,,线性基（高斯消元法）,local-tested,src/compact/data_structure.hpp#XorBasis,src/classic/data_structure.hpp#Xor_Basis,"64-bit unsigned basis: membership, affine maximum, nonempty minimum, distinct kth with uint128 rank, cached rebuild and multiset merge; exhaustive subsets and rank-64 boundaries; P3812 maximum-only driver local-tested, OJ pending"
WIDA,02 - 打印稿模板汇总/08 - 数据结构.md,,珂朵莉树 (OD Tree),pending,,,
WIDA,02 - 打印稿模板汇总/08 - 数据结构.md,,取模运算类,pending,,,
WIDA,02 - 打印稿模板汇总/08 - 数据结构.md,,大整数类（高精度计算）,pending,,,
WIDA,02 - 打印稿模板汇总/08 - 数据结构.md,,常见结论,pending,,,
WIDA,02 - 打印稿模板汇总/08 - 数据结构.md,,常见例题,pending,,,
WIDA,02 - 打印稿模板汇总/09 - 动态规划.md,,01背包,pending,,,
WIDA,02 - 打印稿模板汇总/09 - 动态规划.md,,完全背包,pending,,,
WIDA,02 - 打印稿模板汇总/09 - 动态规划.md,,多重背包,pending,,,
WIDA,02 - 打印稿模板汇总/09 - 动态规划.md,,混合背包,pending,,,
WIDA,02 - 打印稿模板汇总/09 - 动态规划.md,,二维费用的背包,pending,,,
WIDA,02 - 打印稿模板汇总/09 - 动态规划.md,,分组背包,pending,,,
WIDA,02 - 打印稿模板汇总/09 - 动态规划.md,,有依赖的背包,pending,,,
WIDA,02 - 打印稿模板汇总/09 - 动态规划.md,,背包问题求方案数,pending,,,
WIDA,02 - 打印稿模板汇总/09 - 动态规划.md,,背包问题求具体方案,pending,,,
WIDA,02 - 打印稿模板汇总/09 - 动态规划.md,,数位 DP,pending,,,
WIDA,02 - 打印稿模板汇总/09 - 动态规划.md,,状压 DP,pending,,,
WIDA,02 - 打印稿模板汇总/09 - 动态规划.md,,常用例题,pending,,,
WIDA,02 - 打印稿模板汇总/10 - 串.md,,子串与子序列,pending,,,
WIDA,02 - 打印稿模板汇总/10 - 串.md,,字符串模式匹配算法 KMP,pending,,,
WIDA,02 - 打印稿模板汇总/10 - 串.md,,Z函数（扩展 KMP）,pending,,,
WIDA,02 - 打印稿模板汇总/10 - 串.md,,最长公共子序列 LCS,pending,,,
WIDA,02 - 打印稿模板汇总/10 - 串.md,,小数据解,pending,,,
WIDA,02 - 打印稿模板汇总/10 - 串.md,,大数据解,pending,,,
WIDA,02 - 打印稿模板汇总/10 - 串.md,,字符串哈希,pending,,,
WIDA,02 - 打印稿模板汇总/10 - 串.md,,双哈希封装,pending,,,
WIDA,02 - 打印稿模板汇总/10 - 串.md,,前后缀去重,pending,,,
WIDA,02 - 打印稿模板汇总/10 - 串.md,,马拉车,pending,,,
WIDA,02 - 打印稿模板汇总/10 - 串.md,,字典树 trie,pending,,,
WIDA,02 - 打印稿模板汇总/10 - 串.md,,基础封装,pending,,,
WIDA,02 - 打印稿模板汇总/10 - 串.md,,01 字典树,pending,,,
WIDA,02 - 打印稿模板汇总/10 - 串.md,,后缀数组 SA,local-tested,src/compact/string.hpp#SuffixArray,src/classic/string.hpp#Suffix_Array,"Counting-sort doubling O(n log n+alphabet); byte and integer alphabets, no explicit sentinel; rk/lcp 0-based. tests/suffix_array.cpp exhaustive suffix/LCP oracle and million-character cases; P3809 prepared, OJ pending"
WIDA,02 - 打印稿模板汇总/10 - 串.md,,AC 自动机,pending,,,
WIDA,02 - 打印稿模板汇总/10 - 串.md,,回文自动机 PAM（回文树）,local-tested,src/compact/palindromic_tree.hpp,src/classic/palindromic_tree.hpp,"tests/palindromic_tree.cpp; suffix count, distinct count, occurrences and representative endpoints; OJ pending"
WIDA,02 - 打印稿模板汇总/10 - 串.md,,后缀自动机 SAM,pending,,,
WIDA,02 - 打印稿模板汇总/10 - 串.md,,子序列自动机,pending,,,
WIDA,02 - 打印稿模板汇总/10 - 串.md,,自动离散化、自动类型匹配封装,pending,,,
WIDA,02 - 打印稿模板汇总/10 - 串.md,,朴素封装,pending,,,
WIDA,02 - 打印稿模板汇总/11 - 博弈论.md,,巴什博奕,pending,,,
WIDA,02 - 打印稿模板汇总/11 - 博弈论.md,,扩展巴什博弈,pending,,,
WIDA,02 - 打印稿模板汇总/11 - 博弈论.md,,Nim 博弈,pending,,,
WIDA,02 - 打印稿模板汇总/11 - 博弈论.md,,Nim 游戏具体取法,pending,,,
WIDA,02 - 打印稿模板汇总/11 - 博弈论.md,,Moore’s Nim 游戏（Nim-K 游戏）,pending,,,
WIDA,02 - 打印稿模板汇总/11 - 博弈论.md,,Anti-Nim 游戏（反 Nim 游戏）,pending,,,
WIDA,02 - 打印稿模板汇总/11 - 博弈论.md,,阶梯 - Nim 博弈,pending,,,
WIDA,02 - 打印稿模板汇总/11 - 博弈论.md,,SG 游戏（有向图游戏）,pending,,,
WIDA,02 - 打印稿模板汇总/11 - 博弈论.md,,Anti-SG 游戏（反 SG 游戏）,pending,,,
WIDA,02 - 打印稿模板汇总/11 - 博弈论.md,,Lasker’s-Nim 游戏（ Multi-SG 游戏）,pending,,,
WIDA,02 - 打印稿模板汇总/11 - 博弈论.md,,Every-SG 游戏,pending,,,
WIDA,02 - 打印稿模板汇总/11 - 博弈论.md,,威佐夫博弈,pending,,,
WIDA,02 - 打印稿模板汇总/11 - 博弈论.md,,斐波那契博弈,pending,,,
WIDA,02 - 打印稿模板汇总/11 - 博弈论.md,,树上删边游戏,pending,,,
WIDA,02 - 打印稿模板汇总/11 - 博弈论.md,,无向图删边游戏（Fusion Principle 定理）,pending,,,
WIDA,02 - 打印稿模板汇总/12 - STL与库函数.md,,库函数,pending,,,
WIDA,02 - 打印稿模板汇总/12 - STL与库函数.md,,pb_ds 库,pending,,,
WIDA,02 - 打印稿模板汇总/12 - STL与库函数.md,,查找后继 lower\_bound、upper\_bound,pending,,,
WIDA,02 - 打印稿模板汇总/12 - STL与库函数.md,,数组打乱 shuffle,pending,,,
WIDA,02 - 打印稿模板汇总/12 - STL与库函数.md,,二分搜索 binary\_search,pending,,,
WIDA,02 - 打印稿模板汇总/12 - STL与库函数.md,,批量递增赋值函数 iota,pending,,,
WIDA,02 - 打印稿模板汇总/12 - STL与库函数.md,,数组去重函数 unique,pending,,,
WIDA,02 - 打印稿模板汇总/12 - STL与库函数.md,,bit 库与位运算函数 \__builtin\_,pending,,,
WIDA,02 - 打印稿模板汇总/12 - STL与库函数.md,,数字转字符串函数,pending,,,
WIDA,02 - 打印稿模板汇总/12 - STL与库函数.md,,字符串转数字,pending,,,
WIDA,02 - 打印稿模板汇总/12 - STL与库函数.md,,全排列算法 next\_permutation、prev\_permutation,pending,,,
WIDA,02 - 打印稿模板汇总/12 - STL与库函数.md,,字符串转换为数值函数 sto,pending,,,
WIDA,02 - 打印稿模板汇总/12 - STL与库函数.md,,数值转换为字符串函数 to\_string,pending,,,
WIDA,02 - 打印稿模板汇总/12 - STL与库函数.md,,判断非递减 is\_sorted,pending,,,
WIDA,02 - 打印稿模板汇总/12 - STL与库函数.md,,累加 accumulate,pending,,,
WIDA,02 - 打印稿模板汇总/12 - STL与库函数.md,,迭代器 iterator,pending,,,
WIDA,02 - 打印稿模板汇总/12 - STL与库函数.md,,其他函数,pending,,,
WIDA,02 - 打印稿模板汇总/12 - STL与库函数.md,,容器与成员函数,pending,,,
WIDA,02 - 打印稿模板汇总/12 - STL与库函数.md,,元组 tuple,pending,,,
WIDA,02 - 打印稿模板汇总/12 - STL与库函数.md,,数组 array,pending,,,
WIDA,02 - 打印稿模板汇总/12 - STL与库函数.md,,变长数组 vector,pending,,,
WIDA,02 - 打印稿模板汇总/12 - STL与库函数.md,,栈  stack,pending,,,
WIDA,02 - 打印稿模板汇总/12 - STL与库函数.md,,队列 queue,pending,,,
WIDA,02 - 打印稿模板汇总/12 - STL与库函数.md,,双向队列 deque,pending,,,
WIDA,02 - 打印稿模板汇总/12 - STL与库函数.md,,优先队列 priority\_queue,pending,,,
WIDA,02 - 打印稿模板汇总/12 - STL与库函数.md,,字符串 string,pending,,,
WIDA,02 - 打印稿模板汇总/12 - STL与库函数.md,,有序、多重有序集合 set、multiset,pending,,,
WIDA,02 - 打印稿模板汇总/12 - STL与库函数.md,,map、multimap,pending,,,
WIDA,02 - 打印稿模板汇总/12 - STL与库函数.md,,bitset,pending,,,
WIDA,02 - 打印稿模板汇总/12 - STL与库函数.md,,哈希系列 unordered,pending,,,
WIDA,02 - 打印稿模板汇总/12 - STL与库函数.md,,对 pair、tuple 定义哈希,pending,,,
WIDA,02 - 打印稿模板汇总/12 - STL与库函数.md,,对结构体定义哈希,pending,,,
WIDA,02 - 打印稿模板汇总/12 - STL与库函数.md,,对 vector 定义哈希,pending,,,
WIDA,02 - 打印稿模板汇总/12 - STL与库函数.md,,程序标准化,pending,,,
WIDA,02 - 打印稿模板汇总/12 - STL与库函数.md,,使用 Lambda 函数,pending,,,
WIDA,02 - 打印稿模板汇总/12 - STL与库函数.md,,使用构造函数,pending,,,
WIDA,02 - 打印稿模板汇总/13 - 卡常.md,,基础算法 | 最大公约数 `gcd` | 位运算加速,pending,,,
WIDA,02 - 打印稿模板汇总/13 - 卡常.md,,数论 | 质数判定 | 预分类讨论加速,pending,,,
WIDA,02 - 打印稿模板汇总/13 - 卡常.md,,数论 | 质数判定 | Miller-Rabin,pending,,,
WIDA,02 - 打印稿模板汇总/13 - 卡常.md,,数论 | 质因数分解 | Pollard-Rho,pending,,,
WIDA,02 - 打印稿模板汇总/13 - 卡常.md,,数论 | 取模运算类 | 蒙哥马利模乘,pending,,,
WIDA,02 - 打印稿模板汇总/13 - 卡常.md,,网络流 | 最大流 | 预流推进 HLPP,pending,,,
WIDA,02 - 打印稿模板汇总/13 - 卡常.md,,快读,pending,,,
WIDA,02 - 打印稿模板汇总/14 - 杂类.md,,统计区间不同数字的数量（离线查询）,pending,,,
WIDA,02 - 打印稿模板汇总/14 - 杂类.md,,选数（DFS 解）,pending,,,
WIDA,02 - 打印稿模板汇总/14 - 杂类.md,,选数（位运算状压）,pending,,,
WIDA,02 - 打印稿模板汇总/14 - 杂类.md,,网格路径计数,pending,,,
WIDA,02 - 打印稿模板汇总/14 - 杂类.md,,德州扑克,pending,,,
WIDA,02 - 打印稿模板汇总/14 - 杂类.md,,N*M 数独字典序最小方案,pending,,,
WIDA,02 - 打印稿模板汇总/14 - 杂类.md,,高精度进制转换,pending,,,
WIDA,02 - 打印稿模板汇总/14 - 杂类.md,,物品装箱,pending,,,
WIDA,02 - 打印稿模板汇总/14 - 杂类.md,,从前往后装（线段树解）,pending,,,
WIDA,02 - 打印稿模板汇总/14 - 杂类.md,,选择最优的箱子装（multiset 解）,pending,,,
WIDA,02 - 打印稿模板汇总/14 - 杂类.md,,浮点数比较,pending,,,
WIDA,02 - 打印稿模板汇总/14 - 杂类.md,,阿达马矩阵 (Hadamard matrix),pending,,,
WIDA,02 - 打印稿模板汇总/14 - 杂类.md,,幻方,pending,,,
WIDA,02 - 打印稿模板汇总/14 - 杂类.md,,最长严格/非严格递增子序列 (LIS),pending,,,
WIDA,02 - 打印稿模板汇总/14 - 杂类.md,,一维,pending,,,
WIDA,02 - 打印稿模板汇总/14 - 杂类.md,,二维+输出方案,pending,,,
WIDA,02 - 打印稿模板汇总/14 - 杂类.md,,cout 输出流控制,pending,,,
WIDA,02 - 打印稿模板汇总/14 - 杂类.md,,读取一行数字，个数未知,pending,,,
WIDA,02 - 打印稿模板汇总/14 - 杂类.md,,约瑟夫问题,pending,,,
WIDA,02 - 打印稿模板汇总/14 - 杂类.md,,日期换算（基姆拉尔森公式）,pending,,,
WIDA,02 - 打印稿模板汇总/14 - 杂类.md,,单调队列,pending,,,
WIDA,02 - 打印稿模板汇总/14 - 杂类.md,,高精度快速幂,pending,,,
WIDA,02 - 打印稿模板汇总/14 - 杂类.md,,魔改十进制快速幂（暴力计算）,pending,,,
WIDA,02 - 打印稿模板汇总/14 - 杂类.md,,扩展欧拉定理（欧拉降幂公式）,pending,,,
WIDA,02 - 打印稿模板汇总/14 - 杂类.md,,int128 输入输出流控制,pending,,,
WIDA,02 - 打印稿模板汇总/14 - 杂类.md,,对拍版子,pending,,,
WIDA,02 - 打印稿模板汇总/14 - 杂类.md,,随机数生成与样例构造,pending,,,
WIDA,02 - 打印稿模板汇总/14 - 杂类.md,,手工哈希,pending,,,
WIDA,02 - 打印稿模板汇总/14 - 杂类.md,,Python常用语法,pending,,,
WIDA,02 - 打印稿模板汇总/14 - 杂类.md,,读入与定义,pending,,,
WIDA,02 - 打印稿模板汇总/14 - 杂类.md,,格式化输出,pending,,,
WIDA,02 - 打印稿模板汇总/14 - 杂类.md,,排序,pending,,,
WIDA,02 - 打印稿模板汇总/14 - 杂类.md,,文件IO,pending,,,
WIDA,02 - 打印稿模板汇总/14 - 杂类.md,,增加输出流长度、递归深度,pending,,,
WIDA,02 - 打印稿模板汇总/14 - 杂类.md,,自定义结构体,pending,,,
WIDA,02 - 打印稿模板汇总/14 - 杂类.md,,数据结构,pending,,,
WIDA,02 - 打印稿模板汇总/14 - 杂类.md,,其他,pending,,,
WIDA,02 - 打印稿模板汇总/14 - 杂类.md,,OJ测试,pending,,,
WIDA,02 - 打印稿模板汇总/14 - 杂类.md,,GNU C++ 版本测试,pending,,,
WIDA,02 - 打印稿模板汇总/14 - 杂类.md,,编译器位数测试,pending,,,
WIDA,02 - 打印稿模板汇总/14 - 杂类.md,,评测器环境测试,pending,,,
WIDA,02 - 打印稿模板汇总/14 - 杂类.md,,运算速度测试,pending,,,
WIDA,02 - 打印稿模板汇总/14 - 杂类.md,,编译器设置,pending,,,
WIDA,03 - jiangly模板收集/01 - 杂类/01 - int128 库函数自定义.cpp,,01 - int128 库函数自定义,pending,,,
WIDA,03 - jiangly模板收集/01 - 杂类/02 - 常用库函数重载.cpp,,02 - 常用库函数重载,pending,,,
WIDA,03 - jiangly模板收集/01 - 杂类/03 - 字符调整.cpp,,03 - 字符调整,pending,,,
WIDA,03 - jiangly模板收集/01 - 杂类/04A - 二分算法（整数域）.cpp,,04A - 二分算法（整数域）,pending,,,
WIDA,03 - jiangly模板收集/01 - 杂类/04B - 二分算法（实数域）.cpp,,04B - 二分算法（实数域）,pending,,,
WIDA,03 - jiangly模板收集/01 - 杂类/05 - 快读.cpp,,05 - 快读,pending,,,
WIDA,03 - jiangly模板收集/02 - 图与网络/01 - 强连通分量缩点（SCC）.cpp,,01 - 强连通分量缩点（SCC）,local-tested,src/compact/tarjan.hpp#TarjanSCC,src/classic/tarjan.hpp#Tarjan_SCC,Recursive Tarjan: cnt/bel and dag/Dag; sizes from bel histogram. 1-based IDs in reverse topological order; tests/tarjan.cpp exact reachability and repeated runs; no directed-SCC OJ record yet. See docs/GRAPH_COVERAGE_REVIEW.md
WIDA,03 - jiangly模板收集/02 - 图与网络/02 - 割边与割边缩点（EBCC）.cpp,,02 - 割边与割边缩点（EBCC）,local-tested,src/compact/biconnected.hpp;src/compact/tarjan.hpp;src/compact/edge_components.hpp,src/classic/biconnected.hpp;src/classic/tarjan.hpp;src/classic/edge_components.hpp,"Bridge/block/SCC kernels plus edge-ID orientation and edge-compression sizes/internal-edge counts; loops counted once, parallel edges preserved. tests/edge_components.cpp independent deletion/reachability oracles; CF118E dual driver local-tested at N=100000 M=300000. Only prior P8435/P8436 partition APIs have OJ AC"
WIDA,03 - jiangly模板收集/02 - 图与网络/03 - 二分图最大权匹配（MaxAssignment 基于KM）.cpp,,03 - 二分图最大权匹配（MaxAssignment 基于KM）,partial,src/compact/weighted_matching.hpp,src/classic/weighted_matching.hpp,Maximum total weight and assignment covered; upstream labels() dual certificate and weights() optimum for each cardinality remain pending; prefix-row augmentations cannot stand in for cardinality optima
WIDA,03 - jiangly模板收集/02 - 图与网络/04 - 一般图最大匹配（Graph 带花树算法）【久远】.cpp,,04 - 一般图最大匹配（Graph 带花树算法）【久远】,pending,,,
WIDA,03 - jiangly模板收集/02 - 图与网络/05 - TwoSat（2-Sat）.cpp,,05 - TwoSat（2-Sat）,pending,,,
WIDA,03 - jiangly模板收集/02 - 图与网络/06A - 最大流（Flow 旧版其一，整数应用）.cpp,,06A - 最大流（Flow 旧版其一，整数应用）,pending,,,
WIDA,03 - jiangly模板收集/02 - 图与网络/06B - 最大流（Flow 旧版其二，浮点数应用）.cpp,,06B - 最大流（Flow 旧版其二，浮点数应用）,pending,,,
WIDA,03 - jiangly模板收集/02 - 图与网络/06C - 最大流（MaxFlow 新版）.cpp,,06C - 最大流（MaxFlow 新版）,pending,,,
WIDA,03 - jiangly模板收集/02 - 图与网络/07A - 费用流（MCFGraph 旧版）.cpp,,07A - 费用流（MCFGraph 旧版）,pending,,,
WIDA,03 - jiangly模板收集/02 - 图与网络/07B - 费用流（MinCostFlow 新版）.cpp,,07B - 费用流（MinCostFlow 新版）,pending,,,
WIDA,03 - jiangly模板收集/02 - 图与网络/08 - 树链剖分（HLD）.cpp,,08 - 树链剖分（HLD）,pending,,,
WIDA,03 - jiangly模板收集/02 - 图与网络/09 - 圆方树.cpp,,09 - 圆方树,local-tested,src/compact/biconnected.hpp,src/classic/biconnected.hpp,tests/biconnected.cpp; P8435 and P8436 both styles AC (verification/oj.json); block/bridge forests additionally tested locally
WIDA,03 - jiangly模板收集/03 - 数论、几何与多项式/01 - 快速幂.cpp,,01 - 快速幂,pending,,,
WIDA,03 - jiangly模板收集/03 - 数论、几何与多项式/02 - 基姆拉尔森公式.cpp,,02 - 基姆拉尔森公式,pending,,,
WIDA,03 - jiangly模板收集/03 - 数论、几何与多项式/03 - 欧拉筛.cpp,,03 - 欧拉筛,pending,,,
WIDA,03 - jiangly模板收集/03 - 数论、几何与多项式/04 - 莫比乌斯函数筛（莫比乌斯反演）.cpp,,04 - 莫比乌斯函数筛（莫比乌斯反演）,local-tested,src/compact/number_theory.hpp: LinearSieve; src/compact/algebra.hpp: DuJiao,src/classic/number_theory.hpp: Linear_Sieve; src/classic/algebra.hpp: Du_Jiao,tests/linear_sieve.cpp; tests/dujiao.cpp; independent trial-prefix oracle to 200000; cache writes/reuse/rebuild; 1e11 dual-cutoff consistency (not independent oracle); exact Mertens replaces modular Z result; source missing fMu insertion corrected by existing cache writes; no OJ AC
WIDA,03 - jiangly模板收集/03 - 数论、几何与多项式/05 - 扩展欧几里得（exgcd）.cpp,,05 - 扩展欧几里得（exgcd）,local-tested,src/compact/number_theory.hpp; src/compact/linear_congruence.hpp,src/classic/number_theory.hpp; src/classic/linear_congruence.hpp,tests/linear_equation.cpp: nonnegative exgcd; tests/linear_congruence.cpp: signed coefficients and complete residue sets; tests/frog_meeting_application.py: 242 full cases; minimal root and period; int64 negation correction; ASan/UBSan; no OJ AC
WIDA,03 - jiangly模板收集/03 - 数论、几何与多项式/06A - 欧拉函数（求解单个数的欧拉函数）.cpp,,06A - 欧拉函数（求解单个数的欧拉函数）,local-tested,src/compact/euler_phi.hpp,src/classic/euler_phi.hpp,tests/euler_phi.cpp; trial and reusable Pollard-Rho paths; gcd/sieve oracles; prime powers and uint64 boundaries; factor primes checked by trial; ASan/UBSan; no dedicated phi OJ AC
WIDA,03 - jiangly模板收集/03 - 数论、几何与多项式/06B - 欧拉函数（求解全部数的欧拉函数）.cpp,,06B - 欧拉函数（求解全部数的欧拉函数）,local-tested,src/compact/number_theory.hpp: LinearSieve,src/classic/number_theory.hpp: Linear_Sieve,tests/linear_sieve.cpp; dual prefix and ten-million table certificates; trial least prime; factor reconstruction; divisor sums uniquely certify phi and mu; O(n) replacement for Eratosthenes phi; no dedicated OJ AC
WIDA,03 - jiangly模板收集/03 - 数论、几何与多项式/07A - 取模运算类（Z）.cpp,,07A - 取模运算类（Z）,pending,,,
WIDA,03 - jiangly模板收集/03 - 数论、几何与多项式/07B - 取模运算类（MLong & MInt）.cpp,,07B - 取模运算类（MLong & MInt）,pending,,,
WIDA,03 - jiangly模板收集/03 - 数论、几何与多项式/07C - 取模运算类（ModIntBase）.cpp,,07C - 取模运算类（ModIntBase）,pending,,,
WIDA,03 - jiangly模板收集/03 - 数论、几何与多项式/07D - 快速取模运算类（MontgomeryModInt32 蒙哥马利模乘）.cpp,,07D - 快速取模运算类（MontgomeryModInt32 蒙哥马利模乘）,pending,,,
WIDA,"03 - jiangly模板收集/03 - 数论、几何与多项式/07E - 大数快速取模运算类（Barrett & DynModInt, with ModIntBase 巴雷特约减模乘）.cpp",,"07E - 大数快速取模运算类（Barrett & DynModInt, with ModIntBase 巴雷特约减模乘）",pending,,,
WIDA,03 - jiangly模板收集/03 - 数论、几何与多项式/08A - 组合数（小范围预处理，逆元+杨辉三角）.cpp,,08A - 组合数（小范围预处理，逆元+杨辉三角）,pending,,,
WIDA,"03 - jiangly模板收集/03 - 数论、几何与多项式/08B - 组合数（Comb, with. ModIntBase）.cpp",,"08B - 组合数（Comb, with. ModIntBase）",pending,,,
WIDA,03 - jiangly模板收集/03 - 数论、几何与多项式/09A - 平面几何（Point）.cpp,,09A - 平面几何（Point）,pending,,,
WIDA,03 - jiangly模板收集/03 - 数论、几何与多项式/09B - 平面几何（with. complex）.cpp,,09B - 平面几何（with. complex）,pending,,,
WIDA,03 - jiangly模板收集/03 - 数论、几何与多项式/10 - 立体几何（Point）.cpp,,10 - 立体几何（Point）,pending,,,
WIDA,03 - jiangly模板收集/03 - 数论、几何与多项式/11A - 静态凸包（with. Point，旧版）.cpp,,11A - 静态凸包（with. Point，旧版）,pending,,,
WIDA,03 - jiangly模板收集/03 - 数论、几何与多项式/11B - 静态凸包（with. Point，新版）.cpp,,11B - 静态凸包（with. Point，新版）,pending,,,
WIDA,03 - jiangly模板收集/03 - 数论、几何与多项式/11C - 静态凸包（with. complex）.cpp,,11C - 静态凸包（with. complex）,pending,,,
WIDA,03 - jiangly模板收集/03 - 数论、几何与多项式/12A - 多项式（Poly 手写取模）.cpp,,12A - 多项式（Poly 手写取模）,pending,,,
WIDA,"03 - jiangly模板收集/03 - 数论、几何与多项式/12B - 多项式（Poly, with Z）.cpp",,"12B - 多项式（Poly, with Z）",pending,,,
WIDA,"03 - jiangly模板收集/03 - 数论、几何与多项式/12C - 多项式（Poly, with MontgomeryModInt32）.cpp",,"12C - 多项式（Poly, with MontgomeryModInt32）",pending,,,
WIDA,03 - jiangly模板收集/03 - 数论、几何与多项式/12D - 多项式乘法.cpp,,12D - 多项式乘法,pending,,,
WIDA,"03 - jiangly模板收集/03 - 数论、几何与多项式/12D - 多项式（Poly, with MInt）.cpp",,"12D - 多项式（Poly, with MInt）",pending,,,
WIDA,03 - jiangly模板收集/03 - 数论、几何与多项式/13A - 生成函数（q-int）.cpp,,13A - 生成函数（q-int）,pending,,,
WIDA,03 - jiangly模板收集/03 - 数论、几何与多项式/13B - 生成函数（q-Binomial）.cpp,,13B - 生成函数（q-Binomial）,pending,,,
WIDA,03 - jiangly模板收集/03 - 数论、几何与多项式/13C - 生成函数（Binomial 任意模数二项式）.cpp,,13C - 生成函数（Binomial 任意模数二项式）,pending,,,
WIDA,03 - jiangly模板收集/03 - 数论、几何与多项式/14 - 自适应辛普森法（Simpson）.cpp,,14 - 自适应辛普森法（Simpson）,pending,,,
WIDA,03 - jiangly模板收集/03 - 数论、几何与多项式/15 - 矩阵（Matrix）.cpp,,15 - 矩阵（Matrix）,pending,,,
WIDA,03 - jiangly模板收集/03 - 数论、几何与多项式/16 - 高斯消元法 gaussian elimination（gauss）【久远】.cpp,,16 - 高斯消元法 gaussian elimination（gauss）【久远】,pending,,,
WIDA,03 - jiangly模板收集/03 - 数论、几何与多项式/17 - 素数测试与因式分解（Miller-Rabin & Pollard-Rho）.cpp,,17 - 素数测试与因式分解（Miller-Rabin & Pollard-Rho）,pending,,,
WIDA,03 - jiangly模板收集/04 - 数据结构/01A - 树状数组（Fenwick 旧版）.cpp,,01A - 树状数组（Fenwick 旧版）,pending,,,
WIDA,03 - jiangly模板收集/04 - 数据结构/01B - 树状数组（Fenwick 新版）.cpp,,01B - 树状数组（Fenwick 新版）,pending,,,
WIDA,03 - jiangly模板收集/04 - 数据结构/02A - 并查集（DSU）.cpp,,02A - 并查集（DSU）,pending,,,
WIDA,03 - jiangly模板收集/04 - 数据结构/02B - 可撤销并查集（DSU With Rollback）.cpp,,02B - 可撤销并查集（DSU With Rollback）,pending,,,
WIDA,03 - jiangly模板收集/04 - 数据结构/03A - 线段树（SegmentTree+Info 区间加+单点修改）.cpp,,03A - 线段树（SegmentTree+Info 区间加+单点修改）,pending,,,
WIDA,03 - jiangly模板收集/04 - 数据结构/03B - 线段树（SegmentTree 区间乘+单点加）.cpp,,03B - 线段树（SegmentTree 区间乘+单点加）,local-tested,src/compact/affine_segment_tree.hpp,src/classic/affine_segment_tree.hpp,tests/affine_segment_tree.cpp; includes range multiplication and point addition; public intervals changed to 1-based inclusive; OJ pending
WIDA,03 - jiangly模板收集/04 - 数据结构/03C - 线段树（SegmentTree+Info 初始赋值+单点修改+查找前驱后继）.cpp,,03C - 线段树（SegmentTree+Info 初始赋值+单点修改+查找前驱后继）,pending,,,
WIDA,03 - jiangly模板收集/04 - 数据结构/03D - 线段树（SegmentTree+Info+Merge 初始赋值+单点修改+区间合并）.cpp,,03D - 线段树（SegmentTree+Info+Merge 初始赋值+单点修改+区间合并）,pending,,,
WIDA,03 - jiangly模板收集/04 - 数据结构/04 - 懒标记线段树（LazySegmentTree）.cpp,,04 - 懒标记线段树（LazySegmentTree）,pending,,,
WIDA,03 - jiangly模板收集/04 - 数据结构/05 - 高精度（BigInt）.cpp,,05 - 高精度（BigInt）,pending,,,
WIDA,03 - jiangly模板收集/04 - 数据结构/06 - 状压RMQ（RMQ）.cpp,,06 - 状压RMQ（RMQ）,pending,,,
WIDA,03 - jiangly模板收集/04 - 数据结构/07A - Splay.cpp,,07A - Splay,pending,,,Pending sequence Splay plus persistent segment tree (JOI2023); ordinary multiset Splay is not equivalent
WIDA,03 - jiangly模板收集/04 - 数据结构/07B - Splay.cpp,,07B - Splay,pending,,,Pending dynamic min-plus matrix DP and virtual contributions; ordinary multiset Splay is not equivalent
WIDA,03 - jiangly模板收集/04 - 数据结构/07C - Splay.cpp,,07C - Splay,pending,,,Pending 27-bit path/subtree XOR aggregation; ordinary multiset Splay is not equivalent
WIDA,03 - jiangly模板收集/04 - 数据结构/08A - 其他平衡树.cpp,,08A - 其他平衡树,pending,,,
WIDA,03 - jiangly模板收集/04 - 数据结构/08B - 其他平衡树.cpp,,08B - 其他平衡树,pending,,,
WIDA,03 - jiangly模板收集/04 - 数据结构/08C - 其他平衡树.cpp,,08C - 其他平衡树,pending,,,
WIDA,03 - jiangly模板收集/04 - 数据结构/08D - 其他平衡树.cpp,,08D - 其他平衡树,pending,,,
WIDA,03 - jiangly模板收集/04 - 数据结构/09 - 分数四则运算（Frac）.cpp,,09 - 分数四则运算（Frac）,pending,,,
WIDA,03 - jiangly模板收集/04 - 数据结构/10 - 线性基（Basis）.cpp,,10 - 线性基（Basis）,local-tested,src/compact/position_basis.hpp#PositionBasis,src/classic/position_basis.hpp#Position_Basis,"Position-priority basis: threshold membership, affine maximum and rank; arbitrary nonnegative int tags and uint64 values. tests/position_basis.cpp independent threshold subset oracle; CF1100F dual driver local-tested at n=q=500000, OJ pending"
WIDA,03 - jiangly模板收集/05 - 字符串/01A - 马拉车（Manacher）.cpp,,01A - 马拉车（Manacher）,pending,,,
WIDA,03 - jiangly模板收集/05 - 字符串/02 - Z函数.cpp,,02 - Z函数,pending,,,
WIDA,03 - jiangly模板收集/05 - 字符串/03A - 后缀数组（SuffixArray）.cpp,,03A - 后缀数组（SuffixArray）,local-tested,src/compact/string.hpp#SuffixArray,src/classic/string.hpp#Suffix_Array,"Counting-sort doubling O(n log n+alphabet); byte and integer alphabets, no explicit sentinel; rk/lcp 0-based. tests/suffix_array.cpp exhaustive suffix/LCP oracle and million-character cases; P3809 prepared, OJ pending"
WIDA,03 - jiangly模板收集/05 - 字符串/03B - 后缀数组（SA）.cpp,,03B - 后缀数组（SA）,local-tested,src/compact/string.hpp#SuffixArray;src/compact/suffix_lcp.hpp,src/classic/string.hpp#Suffix_Array;src/classic/suffix_lcp.hpp,"Counting-sort SA plus sparse-table LCP, substring comparison and reverse-prefix LCS; 0-based half-open endpoints; exhaustive byte/integer substring oracles and square-boundary application; P1117 driver local-tested, OJ pending"
WIDA,03 - jiangly模板收集/05 - 字符串/04A - 后缀自动机（SuffixAutomaton 旧版）.cpp,,04A - 后缀自动机（SuffixAutomaton 旧版）,pending,,,
WIDA,03 - jiangly模板收集/05 - 字符串/04B - 后缀自动机（SAM 新版）.cpp,,04B - 后缀自动机（SAM 新版）,pending,,,
WIDA,03 - jiangly模板收集/05 - 字符串/05 - 回文自动机（PAM）.cpp,,05 - 回文自动机（PAM）,local-tested,src/compact/palindromic_tree.hpp,src/classic/palindromic_tree.hpp,"tests/palindromic_tree.cpp; suffix count, distinct count, occurrences and representative endpoints; OJ pending"
WIDA,03 - jiangly模板收集/05 - 字符串/06A - AC自动机（AC 旧版）.cpp,,06A - AC自动机（AC 旧版）,pending,,,
WIDA,"03 - jiangly模板收集/05 - 字符串/06B - AC自动机（AhoCorasick, with vector 新版）.cpp",,"06B - AC自动机（AhoCorasick, with vector 新版）",pending,,,
WIDA,"03 - jiangly模板收集/05 - 字符串/06C - AC自动机（AhoCorasick, with string 新版）.cpp",,"06C - AC自动机（AhoCorasick, with string 新版）",pending,,,
WIDA,03 - jiangly模板收集/05 - 字符串/07 - 字符串哈希（随机底模例题）.cpp,,07 - 字符串哈希（随机底模例题）,pending,,,
WIDA,03 - jiangly模板收集/05 - 字符串/08 - 最长公共前缀 LCP（例题）.cpp,,08 - 最长公共前缀 LCP（例题）,pending,,,
WIDA,03 - jiangly模板收集/05 - 字符串/09B - 字典树 Trie.cpp,,09B - 字典树 Trie,pending,,,
WIDA,03 - jiangly模板收集/05 - 字符串/10 - 前缀函数（KMP）.cpp,,10 - 前缀函数（KMP）,pending,,,
kuangbin,ACM template (2018),5,1.1 KMP,pending,,,
kuangbin,ACM template (2018),8,1.2 e-KMP,pending,,,
kuangbin,ACM template (2018),8,1.3 Manacher,pending,,,
kuangbin,ACM template (2018),9,1.4 AC 自动机,pending,,,
kuangbin,ACM template (2018),11,1.5 后缀数组,partial,src/compact/string.hpp#SuffixArray,src/classic/string.hpp#Suffix_Array,DA counting-sort doubling locally tested for byte and integer alphabets; DC3 pending
kuangbin,ACM template (2018),11,1.5.1 DA,local-tested,src/compact/string.hpp#SuffixArray,src/classic/string.hpp#Suffix_Array,"Counting-sort doubling O(n log n+alphabet); byte and integer alphabets, no explicit sentinel; rk/lcp 0-based. tests/suffix_array.cpp exhaustive suffix/LCP oracle and million-character cases; P3809 prepared, OJ pending"
kuangbin,ACM template (2018),14,1.5.2 DC3,pending,,,
kuangbin,ACM template (2018),15,1.6 后缀自动机,pending,,,
kuangbin,ACM template (2018),15,1.6.1 基本函数,pending,,,
kuangbin,ACM template (2018),16,1.6.2 例题,pending,,,
kuangbin,ACM template (2018),23,1.7 字符串 hash,pending,,,
kuangbin,ACM template (2018),25,2.1 素数,pending,,,
kuangbin,ACM template (2018),25,2.1.1 素数筛选（判断 <MAXN 的数是否素数）,local-tested,src/compact/number_theory.hpp: LinearSieve,src/classic/number_theory.hpp: Linear_Sieve,tests/linear_sieve.cpp; dual prefix and ten-million table certificates; trial least prime; factor reconstruction; divisor sums uniquely certify phi and mu; O(n) replacement for Eratosthenes phi; no dedicated OJ AC
kuangbin,ACM template (2018),25,2.1.2 素数筛选（筛选出小于等于 MAXN 的素数）,local-tested,src/compact/number_theory.hpp: LinearSieve,src/classic/number_theory.hpp: Linear_Sieve,tests/linear_sieve.cpp; dual prefix and ten-million table certificates; trial least prime; factor reconstruction; divisor sums uniquely certify phi and mu; O(n) replacement for Eratosthenes phi; no dedicated OJ AC
kuangbin,ACM template (2018),25,2.1.3 大区间素数筛选（POJ 2689 ）,local-tested,src/compact/segmented_sieve.hpp; verify/poj/2689.compact.cpp,src/classic/segmented_sieve.hpp; verify/poj/2689.classic.cpp,tests/segmented_sieve.cpp; tests/prime_distance_application.py; trial and Miller-Rabin oracles; prime squares; million-wide INT_MAX range; 208 EOF cases; first tied pair; ASan/UBSan; no OJ AC
kuangbin,ACM template (2018),27,2.2 素数筛选和合数分解,pending,,,
kuangbin,ACM template (2018),27,2.3 扩展欧几里得算法（求 ax+by=gcd 的解以及逆元）,local-tested,src/compact/number_theory.hpp; src/compact/linear_equation.hpp,src/classic/number_theory.hpp; src/classic/linear_equation.hpp,tests/linear_equation.cpp; tests/linear_equation_application.py; cpp_int Bezout certificates; signed int64/zero cases; P5656 200000 cases with counts/extrema and positive-coordinate oracle; inverse evidence in tests/inverse_table.cpp; no new OJ AC
kuangbin,ACM template (2018),28,2.4 求逆元,local-tested,src/compact/number_theory.hpp; src/compact/inverse_table.hpp,src/classic/number_theory.hpp; src/classic/inverse_table.hpp,tests/inverse_table.cpp; tests/inverse_table_application.py; exgcd inverse brute oracle and Fermat/linear multiplication certificates; n=3000000 driver checks; composite shortcut corrected (3 mod 8) using exgcd; P3811 linear table dual AC 297563298/297563503; general inverse APIs retain local evidence
kuangbin,ACM template (2018),28,2.4.1 扩展欧几里德法,local-tested,src/compact/number_theory.hpp; src/compact/inverse_table.hpp,src/classic/number_theory.hpp; src/classic/inverse_table.hpp,tests/inverse_table.cpp; tests/inverse_table_application.py; exgcd inverse brute oracle and Fermat/linear multiplication certificates; n=3000000 driver checks; composite shortcut corrected (3 mod 8) using exgcd; P3811 linear table dual AC 297563298/297563503; general inverse APIs retain local evidence
kuangbin,ACM template (2018),28,2.4.2 简洁写法,local-tested,src/compact/number_theory.hpp; src/compact/inverse_table.hpp,src/classic/number_theory.hpp; src/classic/inverse_table.hpp,tests/inverse_table.cpp; tests/inverse_table_application.py; exgcd inverse brute oracle and Fermat/linear multiplication certificates; n=3000000 driver checks; composite shortcut corrected (3 mod 8) using exgcd; P3811 linear table dual AC 297563298/297563503; general inverse APIs retain local evidence
kuangbin,ACM template (2018),28,2.4.3 利用欧拉函数,local-tested,src/compact/number_theory.hpp; src/compact/inverse_table.hpp,src/classic/number_theory.hpp; src/classic/inverse_table.hpp,tests/inverse_table.cpp; tests/inverse_table_application.py; exgcd inverse brute oracle and Fermat/linear multiplication certificates; n=3000000 driver checks; composite shortcut corrected (3 mod 8) using exgcd; P3811 linear table dual AC 297563298/297563503; general inverse APIs retain local evidence
kuangbin,ACM template (2018),28,2.5 模线性方程组,local-tested,src/compact/number_theory.hpp: NumberTheory::crt,src/classic/number_theory.hpp: Number_Theory::Crt,tests/crt.cpp; tests/crt_system.cpp; tests/crt_application.py; normalized representative and least period; empty system and late inconsistency; int64 overflow checked; P4777 dual AC 297521102/297521173 for consistent judge systems only
kuangbin,ACM template (2018),29,2.6 随机素数测试和大数分解 (POJ 1811),local-tested,src/compact/number_theory.hpp: NumberTheory::prime and PollardRho::factor,src/classic/number_theory.hpp: Number_Theory::Prime and Pollard_Rho::Factor,tests/primality_factorization.cpp; million sieve; independent trial factor lists; three seeds; strong pseudoprimes; uint64 boundary; cpp_int modular arithmetic and Lucas certificate; minimum via sorted front(); tests/factorization_application.py validates dual POJ1811/P4718 drivers (350 cases each); P4718 dual AC 297569299/297569935 for prime label and maximum factor; POJ1811 minimum output remains local
kuangbin,ACM template (2018),32,2.7 欧拉函数,pending,,,
kuangbin,ACM template (2018),32,2.7.1 分解质因素求欧拉函数,local-tested,src/compact/euler_phi.hpp,src/classic/euler_phi.hpp,tests/euler_phi.cpp; trial and reusable Pollard-Rho paths; gcd/sieve oracles; prime powers and uint64 boundaries; factor primes checked by trial; ASan/UBSan; no dedicated phi OJ AC
kuangbin,ACM template (2018),32,2.7.2 筛法欧拉函数,local-tested,src/compact/number_theory.hpp: LinearSieve,src/classic/number_theory.hpp: Linear_Sieve,tests/linear_sieve.cpp; dual prefix and ten-million table certificates; trial least prime; factor reconstruction; divisor sums uniquely certify phi and mu; O(n) replacement for Eratosthenes phi; no dedicated OJ AC
kuangbin,ACM template (2018),32,2.7.3 求单个数的欧拉函数,local-tested,src/compact/euler_phi.hpp,src/classic/euler_phi.hpp,tests/euler_phi.cpp; trial and reusable Pollard-Rho paths; gcd/sieve oracles; prime powers and uint64 boundaries; factor primes checked by trial; ASan/UBSan; no dedicated phi OJ AC
kuangbin,ACM template (2018),32,2.7.4 线性筛（同时得到欧拉函数和素数表）,local-tested,src/compact/number_theory.hpp: LinearSieve,src/classic/number_theory.hpp: Linear_Sieve,tests/linear_sieve.cpp; dual prefix and ten-million table certificates; trial least prime; factor reconstruction; divisor sums uniquely certify phi and mu; O(n) replacement for Eratosthenes phi; no dedicated OJ AC
kuangbin,ACM template (2018),33,2.8 高斯消元（浮点数）,pending,,,
kuangbin,ACM template (2018),34,2.9 FFT,pending,,,
kuangbin,ACM template (2018),37,2.10 高斯消元法求方程组的解,pending,,,
kuangbin,ACM template (2018),37,2.10.1 一类开关问题，对 2 取模的 01 方程组,pending,,,
kuangbin,ACM template (2018),39,2.10.2 解同余方程组,local-tested,src/compact/algebra.hpp: LinearAlgebra<7>::solve; verify/poj/2947.compact.cpp,src/classic/algebra.hpp: Linear_Algebra<7>::Solve; verify/poj/2947.classic.cpp,tests/widget_factory_application.py; verification/widget-factory-driver-tests.txt; verification/widget-factory-sanitizer-tests.txt; classification and unique 3..9-day assignment; no OJ AC
kuangbin,ACM template (2018),41,2.11 整数拆分,pending,,,
kuangbin,ACM template (2018),43,2.12 求 AB 的约数之和对 MOD 取模,pending,,,
kuangbin,ACM template (2018),44,2.13 莫比乌斯反演,pending,,,
kuangbin,ACM template (2018),44,2.13.1 莫比乌斯函数,local-tested,src/compact/number_theory.hpp: LinearSieve,src/classic/number_theory.hpp: Linear_Sieve,tests/linear_sieve.cpp; dual prefix and ten-million table certificates; trial least prime; factor reconstruction; divisor sums uniquely certify phi and mu; O(n) replacement for Eratosthenes phi; no dedicated OJ AC
kuangbin,ACM template (2018),44,2.13.2 例题：BZOJ2301,local-tested,src/compact/coprime_pairs.hpp; verify/luogu/P2522.compact.cpp,src/classic/coprime_pairs.hpp; verify/luogu/P2522.classic.cpp,tests/coprime_pairs.cpp; tests/coprime_pairs_application.py; gcd oracle and phi-square identity; INT_MAX thin prefix; 50000 driver queries; ASan/UBSan; no OJ AC
kuangbin,ACM template (2018),46,2.14 Baby-Step Giant-Step,local-tested,src/compact/algebra.hpp#DiscreteLog,src/classic/algebra.hpp#Discrete_Log,"tests/discrete_log.cpp; exhaustive residue first-occurrence oracle in both styles, noncoprime moduli, signed extremes and 1e12 bound; smallest exponent verified; P4195 dual AC 297520101/297520104 for official positive inputs <=1e9"
kuangbin,ACM template (2018),46,2.15 自适应 simpson 积分,pending,,,
kuangbin,ACM template (2018),46,2.16 斐波那契数列取模循环节,pending,,,
kuangbin,ACM template (2018),50,2.17 原根,local-tested,src/compact/primitive_root.hpp,src/classic/primitive_root.hpp,tests/primitive_root.cpp; tests/primitive_root_application.py; dual cycle/order oracle and sanitizer checks; prime minimum plus composite coprimality guard; P6091 dual AC 297558740/297559082: root count and sorted sampling
kuangbin,ACM template (2018),51,2.18 快速数论变换,pending,,,
kuangbin,ACM template (2018),51,2.18.1 HDU4656 卷积取模,pending,,,
kuangbin,ACM template (2018),54,2.19 其它公式,pending,,,
kuangbin,ACM template (2018),54,2.19.1 Polya,pending,,,
kuangbin,ACM template (2018),56,3.1 划分树,pending,,,
kuangbin,ACM template (2018),57,3.2 RMQ,pending,,,
kuangbin,ACM template (2018),57,3.2.1 一维,pending,,,
kuangbin,ACM template (2018),57,3.2.2 二维,pending,,,
kuangbin,ACM template (2018),59,3.3 树链剖分,pending,,,
kuangbin,ACM template (2018),59,3.3.1 点权,pending,,,
kuangbin,ACM template (2018),61,3.3.2 边权,pending,,,
kuangbin,ACM template (2018),64,3.4 伸展树（splay tree）,pending,,,
kuangbin,ACM template (2018),64,3.4.1 例题：HDU1890,pending,,,
kuangbin,ACM template (2018),67,3.4.2 例题：HDU3726,pending,,,
kuangbin,ACM template (2018),72,3.5 动态树,partial,src/compact/dynamic_tree.hpp,src/classic/dynamic_tree.hpp,P3690 both styles AC; path XOR only; QTREE variants pending
kuangbin,ACM template (2018),72,3.5.1 SPOJQTREE,pending,,,
kuangbin,ACM template (2018),75,3.5.2 SPOJQTREE2,pending,,,
kuangbin,ACM template (2018),78,3.5.3 SPOJQTREE4,pending,,,
kuangbin,ACM template (2018),82,3.5.4 SPOJQTREE5,pending,,,
kuangbin,ACM template (2018),84,3.5.5 SPOJQTREE6,pending,,,
kuangbin,ACM template (2018),87,3.5.6 SPOJQTREE7,pending,,,
kuangbin,ACM template (2018),91,3.5.7 HDU4010,pending,,,
kuangbin,ACM template (2018),95,3.6 主席树,local-tested,src/compact/,src/classic/,All four child functions locally tested; static interval kth dual AC on P3834. Other child OJ checks pending; see child rows and verification/pending-oj.md
kuangbin,ACM template (2018),95,3.6.1 查询区间多少个不同的数,local-tested,src/compact/persistent_distinct.hpp,src/classic/persistent_distinct.hpp,Previous-occurrence histogram with one persistent insertion per element; equivalent distinct-count queries to upstream suffix last-occurrence markers; tests/persistent_distinct.cpp set oracle; P1972 pending
kuangbin,ACM template (2018),97,3.6.2 静态区间第 k 大,local-tested,src/compact/optimization.hpp#PersistentKth,src/classic/optimization.hpp#Persistent_Kth,"Upstream POJ2104 code actually selects kth smallest; suffix-root counts mapped to prefix-root differences. tests/optimization.cpp, tests/dual.cpp and tests/persistent_kth_application.py; P3834 dual AC 297520290/297520299"
kuangbin,ACM template (2018),98,3.6.3 树上路径点权第 k 大,local-tested,src/compact/tree_path_kth.hpp,src/classic/tree_path_kth.hpp,"SPOJ COT semantics: kth smallest point value on tree path; recursive DFS, four-root frequencies and binary-lifting LCA; tests/tree_path_kth.cpp sorted path oracle, reroot and 200000-node chain; P2633 pending"
kuangbin,ACM template (2018),102,3.6.4 动态第 k 大,local-tested,src/compact/dynamic_kth.hpp,src/classic/dynamic_kth.hpp,"Fenwick of mutable frequency segment trees with offline value registration and recycling; dynamic kth smallest under point updates; tests/dynamic_kth.cpp sorted-slice oracle, ownership/free-list audit and reset; P2617 pending"
kuangbin,ACM template (2018),105,3.7 Treap,local-tested,src/compact/gcd_sequence.hpp,src/classic/gcd_sequence.hpp,tests/gcd_sequence.cpp; tagged sequence operations implemented; original ZOJ3765 OJ pending
kuangbin,ACM template (2018),108,3.8 KD 树,pending,,,
kuangbin,ACM template (2018),108,3.8.1 HDU4347 K 近邻,pending,,,
kuangbin,ACM template (2018),111,3.8.2 CF44G,pending,,,
kuangbin,ACM template (2018),114,3.8.3 HDU4742,pending,,,
kuangbin,ACM template (2018),116,3.9 替罪羊树 (ScapeGoat Tree),pending,,,
kuangbin,ACM template (2018),116,3.9.1 CF455D,pending,,,
kuangbin,ACM template (2018),120,3.10 动态 KD 树,pending,,,
kuangbin,ACM template (2018),123,3.11 树套树,pending,,,
kuangbin,ACM template (2018),123,3.11.1 替罪羊树套 splay,pending,,,
kuangbin,ACM template (2018),130,4.1 最短路,pending,,,
kuangbin,ACM template (2018),130,4.1.1 Dijkstra 单源最短路,pending,,,
kuangbin,ACM template (2018),130,4.1.2 Dijkstra 算法 + 堆优化,pending,,,
kuangbin,ACM template (2018),131,4.1.3 单源最短路 bellman_ford 算法,pending,,,
kuangbin,ACM template (2018),132,4.1.4 单源最短路 SPF A,pending,,,
kuangbin,ACM template (2018),133,4.2 最小生成树,pending,,,
kuangbin,ACM template (2018),133,4.2.1 Prim 算法,pending,,,
kuangbin,ACM template (2018),134,4.2.2 Kruskal 算法,pending,,,
kuangbin,ACM template (2018),135,4.3 次小生成树,pending,,,
kuangbin,ACM template (2018),136,4.4 有向图的强连通分量,local-tested,src/compact/tarjan.hpp;src/compact/graph.hpp#SCC,src/classic/tarjan.hpp;src/classic/graph.hpp#Strong_Component,Both child algorithms implemented and locally verified by tests/tarjan.cpp; component sizes derive from membership. This is not an OJ acceptance claim
kuangbin,ACM template (2018),136,4.4.1 Tarjan,local-tested,src/compact/tarjan.hpp#TarjanSCC,src/classic/tarjan.hpp#Tarjan_SCC,Recursive Tarjan: cnt/bel and dag/Dag; sizes from bel histogram. 1-based IDs in reverse topological order; tests/tarjan.cpp exact reachability and repeated runs; no directed-SCC OJ record yet. See docs/GRAPH_COVERAGE_REVIEW.md
kuangbin,ACM template (2018),137,4.4.2 Kosaraju,local-tested,src/compact/graph.hpp#SCC,src/classic/graph.hpp#Strong_Component,"Recursive two-pass Kosaraju; cnt/bel, sizes from histogram; current IDs 1-based topological versus upstream 0-based. tests/tarjan.cpp independently checks both styles against reachability; OJ pending"
kuangbin,ACM template (2018),138,4.5 图的割点、桥和双连通分支的基本概念,local-tested,src/compact/biconnected.hpp; src/compact/bridge_augmentation.hpp,src/classic/biconnected.hpp; src/classic/bridge_augmentation.hpp,"tests/biconnected.cpp; tests/bridge_augmentation.cpp; tests/bridge_augmentation_application.py; P2860 dual bundled drivers locally verified; connected nonempty multigraph, added parallel edges allowed; optimum count and original-vertex augmentation certificate; online pending"
kuangbin,ACM template (2018),139,4.6 割点与桥,local-tested,src/compact/graph.hpp#Lowlink;src/compact/vertex_removal.hpp,src/classic/graph.hpp#Low_Link;src/classic/vertex_removal.hpp,"Cut/bridge plus components and vertex-removal delta; optional block-derived helper. Explicit deletion oracle includes isolated vertices, loops, multiedges and 200000-node recursive chain. POJ2117 and UVA796 dual bundled adapters locally verified; OJ pending"
kuangbin,ACM template (2018),139,4.6.1 模板,local-tested,src/compact/graph.hpp#Lowlink;src/compact/vertex_removal.hpp,src/classic/graph.hpp#Low_Link;src/classic/vertex_removal.hpp,"Cut/bridge plus components and vertex-removal delta; optional block-derived helper. Explicit deletion oracle includes isolated vertices, loops, multiedges and 200000-node recursive chain. POJ2117 and UVA796 dual bundled adapters locally verified; OJ pending"
kuangbin,ACM template (2018),141,4.6.2 调用,local-tested,src/compact/graph.hpp#Lowlink;src/compact/vertex_removal.hpp,src/classic/graph.hpp#Low_Link;src/classic/vertex_removal.hpp,"Cut/bridge plus components and vertex-removal delta; optional block-derived helper. Explicit deletion oracle includes isolated vertices, loops, multiedges and 200000-node recursive chain. POJ2117 and UVA796 dual bundled adapters locally verified; OJ pending"
kuangbin,ACM template (2018),143,4.7 边双连通分支,local-tested,src/compact/biconnected.hpp; src/compact/bridge_augmentation.hpp,src/classic/biconnected.hpp; src/classic/bridge_augmentation.hpp,"tests/biconnected.cpp; tests/bridge_augmentation.cpp; tests/bridge_augmentation_application.py; P2860 dual bundled drivers locally verified; connected nonempty multigraph, added parallel edges allowed; optimum count and original-vertex augmentation certificate; online pending"
kuangbin,ACM template (2018),144,4.8 点双连通分支,local-tested,src/compact/biconnected.hpp;src/compact/odd_cycle_vertices.hpp,src/classic/biconnected.hpp;src/classic/odd_cycle_vertices.hpp,"tests/odd_cycle_vertices.cpp all n<=6 graphs versus enumerated simple odd cycles, multigraphs, reordered blocks and 100001-node chain/star/cycle; POJ2942 dual complement drivers at n=1000 local-tested; online pending"
kuangbin,ACM template (2018),147,4.9 最小树形图,pending,,,
kuangbin,ACM template (2018),149,4.10 二分图匹配,pending,,,
kuangbin,ACM template (2018),149,4.10.1 邻接矩阵（匈牙利算法）,pending,,,
kuangbin,ACM template (2018),150,4.10.2 邻接表（匈牙利算法）,pending,,,
kuangbin,ACM template (2018),151,4.10.3 Hopcroft-Karp 算法,pending,,,
kuangbin,ACM template (2018),152,4.11 二分图多重匹配,pending,,,
kuangbin,ACM template (2018),153,4.12 二分图最大权匹配（KM 算法）,local-tested,src/compact/weighted_matching.hpp,src/classic/weighted_matching.hpp,tests/weighted_matching.cpp; full-left and optional max-weight matching with explicit missing edges; int64 weights/int128 arithmetic; independent subset-DP optimum and scheme checks; P6577 dual AC 297520123/297520132 (perfect-matching API only)
kuangbin,ACM template (2018),154,4.13 一般图匹配带花树,local-tested,src/compact/blossom.hpp,src/classic/blossom.hpp,tests/blossom.cpp; maximum cardinality and matching reconstruction; OJ pending
kuangbin,ACM template (2018),157,4.14 一般图最大加权匹配,pending,,,
kuangbin,ACM template (2018),159,4.15 生成树计数,pending,,,
kuangbin,ACM template (2018),161,4.16 最大流,pending,,,
kuangbin,ACM template (2018),161,4.16.1 SAP 邻接矩阵形式,pending,,,
kuangbin,ACM template (2018),162,4.16.2 SAP 邻接矩阵形式 2,pending,,,
kuangbin,ACM template (2018),163,4.16.3 ISAP 邻接表形式,pending,,,
kuangbin,ACM template (2018),165,4.16.4 ISAP+bfs 初始化 + 栈优化,pending,,,
kuangbin,ACM template (2018),166,4.16.5 dinic,oj_ac_both,src/compact/flow.hpp#Dinic,src/classic/flow.hpp#Network_Flow,verification/oj.json
kuangbin,ACM template (2018),168,4.16.6 最大流判断多解,pending,,,
kuangbin,ACM template (2018),169,4.17 最小费用最大流,pending,,,
kuangbin,ACM template (2018),169,4.17.1 SPF A 版费用流,pending,,,
kuangbin,ACM template (2018),170,4.17.2 zkw 费用流,pending,,,
kuangbin,ACM template (2018),172,4.18 2-SAT,local-tested,src/compact/lex_two_sat.hpp;src/compact/graph.hpp#TwoSAT,src/classic/lex_two_sat.hpp;src/classic/graph.hpp#Two_SAT,Lexicographic coloring/HDU1814 and SCC arbitrary assignment/POJ3648 both independently local-tested; literal numbering differs and is documented; online pending
kuangbin,ACM template (2018),172,4.18.1 染色法（可以得到字典序最小的解）,local-tested,src/compact/lex_two_sat.hpp#LexTwoSAT,src/classic/lex_two_sat.hpp#Lex_Two_SAT,"tests/lex_two_sat.cpp exhaustive assignment/minimality oracle, prefix clauses, forced values, rollback, 100000-variable recursive equality chain; HDU1814 dual complete drivers exact minimum representative output local-tested; O(n(n+m)) worst case; online pending"
kuangbin,ACM template (2018),173,4.18.2 强连通缩点法（拓扑排序只能得到任意解）,local-tested,src/compact/graph.hpp#TwoSAT,src/classic/graph.hpp#Two_SAT,"tests/graph_contracts.cpp SCC satisfiability/assignment oracle; tests/wedding_application.py POJ3648 dual parser, bride force, multi-digit w/h IDs, bad luck and full assignment certificates; arbitrary solution only; online pending"
kuangbin,ACM template (2018),177,4.19 曼哈顿最小生成树,pending,,,
kuangbin,ACM template (2018),179,4.20 LCA,local-tested,src/compact/offline_lca.hpp;src/compact/euler_lca.hpp;src/compact/lifting_lca.hpp,src/classic/offline_lca.hpp;src/classic/euler_lca.hpp;src/classic/lifting_lca.hpp,"All three subsections separately local-tested: Tarjan/POJ1470, Euler ST/POJ1330, binary lifting/POJ1330; P3379 variants local-tested at n=q=500000; no online AC claimed"
kuangbin,ACM template (2018),179,4.20.1 dfs+ST 在线算法,local-tested,src/compact/euler_lca.hpp#EulerLCA,src/classic/euler_lca.hpp#Euler_LCA,tests/euler_lca.cpp; tests/euler_lca_application.py; recursive Euler tour and sparse table; all labelled trees n<=6/all roots/pairs/distances; n=q=500000; P3379 and POJ1330 dual complete drivers local-tested; online pending
kuangbin,ACM template (2018),181,4.20.2 离线 Tarjan 算法,local-tested,src/compact/offline_lca.hpp#OfflineLCA,src/classic/offline_lca.hpp#Offline_LCA,tests/offline_lca.cpp; tests/offline_lca_application.py; recursive DFS and ranked DSU; all labelled trees n<=6/all roots/all pairs; n=q=500000; P3379 and POJ1470 dual complete drivers locally tested; online pending
kuangbin,ACM template (2018),184,4.20.3 LCA 倍增法,local-tested,src/compact/lifting_lca.hpp#LiftingLCA,src/classic/lifting_lca.hpp#Lifting_LCA,"tests/lifting_lca.cpp; tests/lifting_lca_application.py; recursive binary lifting, all roots/pairs, n=q=500000; P3379 and POJ1330 dual drivers locally tested; online pending"
kuangbin,ACM template (2018),186,4.21 欧拉路,local-tested,src/compact/directed_euler.hpp;src/compact/undirected_euler.hpp;src/compact/word_chain.hpp;src/compact/mixed_euler.hpp,src/classic/directed_euler.hpp;src/classic/undirected_euler.hpp;src/classic/word_chain.hpp;src/classic/mixed_euler.hpp,"Directed/undirected kernels, POJ2337 word chain, SGU101 domino directions, mixed circuits and fixed/free-endpoint trails plus POJ1637 verdict all independently local-tested; online evidence remains separately pending"
kuangbin,ACM template (2018),186,4.21.1 有向图,local-tested,src/compact/directed_euler.hpp;src/compact/word_chain.hpp,src/classic/directed_euler.hpp;src/classic/word_chain.hpp,"Directed kernel plus POJ2337 word-edge lexical wrapper/parser/output; tests/word_chain.cpp permutation oracle, original duplicate IDs, prefixes and 200000 words; tests/word_chain_application.py exact dotted sequence and *** failure marker; online pending"
kuangbin,ACM template (2018),188,4.21.2 无向图,local-tested,src/compact/undirected_euler.hpp,src/classic/undirected_euler.hpp,"Undirected logical edge-ID/direction kernel plus SGU101 domino parser/output; tests/undirected_euler.cpp and tests/undirected_euler_application.py independent existence and full oriented domino certificate, repeated cases, zero-labelled pips; online pending"
kuangbin,ACM template (2018),189,4.21.3 混合图,local-tested,src/compact/mixed_euler.hpp,src/classic/mixed_euler.hpp,"tests/mixed_euler.cpp exhaustive orientation oracle, fixed/free endpoints and directed trail certificates; 100000-node reversal flow chain; POJ1637 dual parser/verdict drivers locally tested; online pending"
kuangbin,ACM template (2018),192,4.22 树分治,pending,,,
kuangbin,ACM template (2018),192,4.22.1 点分治 -HDU5016,pending,,,
kuangbin,ACM template (2018),195,4.22.2 * 点分治 -HDU4918,pending,,,
kuangbin,ACM template (2018),199,4.22.3 链分治 -HDU5039,pending,,,
kuangbin,ACM template (2018),205,5.1 Dancing Links,pending,,,
kuangbin,ACM template (2018),205,5.1.1 精确覆盖,pending,,,
kuangbin,ACM template (2018),207,5.1.2 可重复覆盖,pending,,,
kuangbin,ACM template (2018),209,5.2 八数码,pending,,,
kuangbin,ACM template (2018),209,5.2.1 HDU1043 反向搜索,pending,,,
kuangbin,ACM template (2018),212,6.1 最长上升子序列 O(nlogn),pending,,,
kuangbin,ACM template (2018),212,6.2 背包,pending,,,
kuangbin,ACM template (2018),213,6.3 插头 DP,pending,,,
kuangbin,ACM template (2018),213,6.3.1 HDU 4285,pending,,,
kuangbin,ACM template (2018),218,7.1 二维几何,pending,,,
kuangbin,ACM template (2018),238,7.2 三维几何,pending,,,
kuangbin,ACM template (2018),242,7.3 平面最近点对,pending,,,
kuangbin,ACM template (2018),243,7.4 三维凸包,pending,,,
kuangbin,ACM template (2018),243,7.4.1 HDU4273,pending,,,
kuangbin,ACM template (2018),249,8.1 高精度,pending,,,
kuangbin,ACM template (2018),250,8.2 完全高精度,pending,,,
kuangbin,ACM template (2018),256,8.3 strtok 和 sscanf 结合输入,pending,,,
kuangbin,ACM template (2018),256,8.4 解决爆栈，手动加栈,pending,,,
kuangbin,ACM template (2018),256,8.5 STL,pending,,,
kuangbin,ACM template (2018),256,8.5.1 优先队列 priority_queue,pending,,,
kuangbin,ACM template (2018),257,8.5.2 set 和 multiset,pending,,,
kuangbin,ACM template (2018),258,8.6 输入输出外挂,pending,,,
kuangbin,ACM template (2018),258,8.7 莫队算法,pending,,,
kuangbin,ACM template (2018),259,8.7.1 分块,pending,,,
kuangbin,ACM template (2018),260,8.7.2 Manhattan MST 的 dfs 顺序求解,pending,,,
kuangbin,ACM template (2018),264,8.8 VIM 配置,pending,,,
